{
  "TcpKeepAliveIdleTimeSeconds" : 0,
  "HttpSplitFragmentSize" : 1,
  "UserscriptsEnabled" : true,
  "VpnRevocationRecoveryRescheduleDelay" : 5000,
  "SelfDestructingFirstPartyCookie" : false,
  "OutboundProxyAllowToFilterDnsRequests" : false,
  "BlockPushApi" : true,
  "RemovedHtmlLogEnabled" : false,
  "BlockWebRtc" : true,
  "ReconfigureAutoProxyOnNetworkChange" : false,
  "ExcludedIPv6Routes" : "// Service subnets (including link-local, lan, multicast)\nf000::/4",
  "ExcludedPackagesAndUids" : "// Disable for \"radio\": https://github.com/AdguardTeam/AdguardForAndroid/issues/1058\n1001\n// Disable for \"system\": https://github.com/AdguardTeam/AdguardForAndroid/issues/2550\n1000\n// Disable Downloads Manager https://github.com/AdguardTeam/AdguardForAndroid/issues/3355\ncom.android.providers.downloads\ncom.android.providers.downloads.ui\n// Disable AdGuard VPN\ncom.adguard.vpn\n// Realme devices have their own Download Manager https://github.com/AdguardTeam/AdGuardVPNForAndroid/issues/95\ncom.coloros.providers.downloads.ui",
  "HttpSplitFragmentEnabled" : true,
  "CustomReferer" : "",
  "ThirdPartyCookieValue" : 180,
  "DisableThirdPartyRequestsAuthorization" : false,
  "StealthModeEnabled" : true,
  "HideUserAgent" : false,
  "RoutingMode" : "AutoProxy",
  "LanguageSpecificAdBlockingEnabled" : true,
  "ProtectFromDpi" : true,
  "HttpSpaceJuggling" : false,
  "Userscripts" : [ {
    "meta" : {
      "name" : "Disable AMP",
      "enabled" : false,
      "url" : "Disable AMP",
      "lastTimeDownloaded" : 1654778640374
    },
    "pathToJsonMeta" : "/userscripts/Disable AMP.meta",
    "pathToSource" : "/userscripts/Disable AMP.source"
  }, {
    "meta" : {
      "name" : "AdGuard Extra",
      "enabled" : true,
      "url" : "https://userscripts.adtidy.org/release/adguard-extra/1.0/adguard-extra.user.js",
      "lastTimeDownloaded" : 1751392384829
    },
    "pathToJsonMeta" : "/userscripts/AdGuard Extra.meta",
    "pathToSource" : "/userscripts/AdGuard Extra.source"
  } ],
  "AnnoyancesBlockingEnabled" : true,
  "QuicBypassPackages" : "// https://github.com/AdguardTeam/AdguardForAndroid/issues/3866\ncom.zhiliaoapp.musically\n// https://github.com/AdguardTeam/AdguardForAndroid/issues/3879\ncom.instagram.android\n    ",
  "FirstPartyCookieValue" : 4320,
  "HideRefererFromThirdParties" : false,
  "DisableCacheForThirdPartyRequests" : false,
  "AdBlockingEnabled" : true,
  "VpnRevocationRecoveryDelay" : 5000,
  "BlockLocation" : true,
  "RemoveXClientDataHeader" : true,
  "ScriptletsDebuggingEnabled" : false,
  "HideIpAddress" : false,
  "CustomIpAddress" : "208.54.104.184",
  "TcpKeepAliveTimeoutSeconds" : 0,
  "BrowsingSecurityEnabled" : true,
  "DetectSamsungPayEnabled" : false,
  "IPv6FilteringEnabled" : true,
  "TcpKeepAliveProbes" : false,
  "PortRanges" : [ {
    "firstPort" : 80,
    "lastPort" : 5221
  }, {
    "firstPort" : 5299,
    "lastPort" : 65535
  } ],
  "ClientHelloSplitFragmentSize" : 1,
  "OutboundProxyPermissionsList" : [ ],
  "ClientHelloSplitFragmentEnabled" : true,
  "SplitDelayMs" : 50,
  "SelfDestructingThirdPartyCookie" : false,
  "CustomUserAgent" : "",
  "OutboundProxiesList" : [ {
    "id" : 2,
    "name" : "PIA",
    "settings" : {
      "proxyHost" : "proxy-nl.privateinternetaccess.com",
      "proxyPort" : 1080,
      "proxyMode" : "SOCKS5",
      "username" : "x7764165",
      "password" : "9PurQQKFv6",
      "filterDnsRequests" : true,
      "trustAnyCertificate" : false,
      "udpThroughSocks5Enabled" : false,
      "fakeDnsEnabled" : false
    },
    "orbotIntegration" : false
  } ],
  "ProxyPort" : 8080,
  "ExcludedIPv4Routes" : "// Reserved subnets\n0.0.0.0/8\n10.0.0.0/8\n100.64.0.0/10\n172.16.0.0/12\n192.0.0.0/24\n192.168.0.0/16\n224.0.0.0/4\n240.0.0.0/4\n255.255.255.255/32\n\n// Multicast range\n224.0.0.0/3\n\n// T-Mobile wi-fi calling (#233)\n208.54.0.0/16\n\n// AT&T wi-fi calling\n129.192.166.0/24\n\n// UK EE wi-fi calling (#582)\n109.249.0.0/16\n\n// Sprint wi-fi calling (#939)\n68.31.26.0/24\n\n// Verizon wi-fi calling (#1321)\n141.207.0.0/16\n\n// Orange PL wi-fi calling (#1796)\n217.116.96.0/20"
}