{
  "SendDoNotTrackSignals" : true,
  "SelectedSortedByOnAllDomainsStatisticsScreen" : "MostBlocked",
  "SelectedServer" : {
    "value" : {
      "id" : 3,
      "providerId" : 10001,
      "name" : "AdGuard DNS (DNS-over-HTTPS)",
      "type" : "doh",
      "upstreams" : [ "https://dns.adguard-dns.com/dns-query" ],
      "parallelResolve" : false
    }
  },
  "DnsDisabledUserRules" : [ ],
  "DisabledAllowListRules" : "",
  "DnsAllUserRules" : [ ],
  "FallbackUpstreams" : [ ],
  "WriteHar" : false,
  "Filters" : [ {
    "meta" : {
      "id" : 212,
      "displayOrder" : 2,
      "name" : "RU AdList: Counters",
      "description" : "RU AdList supplement for trackers blocking.",
      "version" : "2.1.11.29",
      "group" : "Language",
      "subscriptionUrl" : "https://easylist-downloads.adblockplus.org/cntblock.txt",
      "homepage" : "https://forums.lanik.us/viewforum.php?f=102",
      "tags" : [ {
        "id" : 2,
        "keyword" : "purpose:privacy"
      }, {
        "id" : 8,
        "keyword" : "lang:ru"
      } ],
      "lastTimeDownloaded" : 1659085275000,
      "enabled" : false,
      "trusted" : true
    },
    "relativePathToFilteringRules" : null
  }, {
    "meta" : {
      "id" : 114,
      "displayOrder" : 2,
      "name" : "ROList",
      "description" : "Additional filter list for websites in Romanian.",
      "version" : "2.0.0.96",
      "group" : "Language",
      "subscriptionUrl" : "https://www.zoso.ro/pages/rolist.txt",
      "homepage" : "https://www.zoso.ro/rolist",
      "tags" : [ {
        "id" : 1,
        "keyword" : "purpose:ads"
      }, {
        "id" : 39,
        "keyword" : "lang:ro"
      } ],
      "lastTimeDownloaded" : 1655139640000,
      "enabled" : false,
      "trusted" : true
    },
    "relativePathToFilteringRules" : null
  }, {
    "meta" : {
      "id" : 244,
      "displayOrder" : 2,
      "name" : "YousList",
      "description" : "Filter that blocks ads on Korean sites.",
      "version" : "2.0.8.84",
      "group" : "Language",
      "subscriptionUrl" : "https://raw.githubusercontent.com/yous/YousList/master/youslist.txt",
      "homepage" : "https://github.com/yous/YousList/",
      "tags" : [ {
        "id" : 1,
        "keyword" : "purpose:ads"
      }, {
        "id" : 56,
        "keyword" : "lang:ko"
      } ],
      "lastTimeDownloaded" : 1658223464000,
      "enabled" : false,
      "trusted" : true
    },
    "relativePathToFilteringRules" : null
  }, {
    "meta" : {
      "id" : 120,
      "displayOrder" : 2,
      "name" : "AdBlockID",
      "description" : "Additional filter list for websites in Indonesian.",
      "version" : "2.0.11.69",
      "group" : "Language",
      "subscriptionUrl" : "https://raw.githubusercontent.com/realodix/AdBlockID/main/dist/adblockid.adfl.txt",
      "homepage" : "https://github.com/realodix/AdBlockID",
      "tags" : [ {
        "id" : 1,
        "keyword" : "purpose:ads"
      }, {
        "id" : 10,
        "keyword" : "recommended"
      }, {
        "id" : 29,
        "keyword" : "lang:id"
      } ],
      "lastTimeDownloaded" : 1658941241000,
      "enabled" : false,
      "trusted" : true
    },
    "relativePathToFilteringRules" : null
  }, {
    "meta" : {
      "id" : 10,
      "displayOrder" : 1,
      "name" : "Filter unblocking search ads and self-promotion",
      "description" : "Filter that unblocks search ads in Google, DuckDuckGo, Bing, or Yahoo and self-promotion on websites.",
      "version" : "2.0.1.76",
      "group" : "Other",
      "subscriptionUrl" : "https://filters.adtidy.org/android/filters/10_optimized.txt",
      "homepage" : "https://adguard.com/kb/general/ad-filtering/adguard-filters/",
      "tags" : [ ],
      "lastTimeDownloaded" : 1654000216000,
      "enabled" : false,
      "trusted" : true
    },
    "relativePathToFilteringRules" : null
  }, {
    "meta" : {
      "id" : 113,
      "displayOrder" : 2,
      "name" : "Liste FR",
      "description" : "Additional filter list for websites in French. Already included in AdGuard French filter.",
      "version" : "2.1.12.3",
      "group" : "Language",
      "subscriptionUrl" : "https://easylist-downloads.adblockplus.org/liste_fr.txt",
      "homepage" : "https://github.com/easylist/listefr",
      "tags" : [ {
        "id" : 1,
        "keyword" : "purpose:ads"
      }, {
        "id" : 27,
        "keyword" : "lang:fr"
      } ],
      "lastTimeDownloaded" : 1659085246000,
      "enabled" : false,
      "trusted" : true
    },
    "relativePathToFilteringRules" : null
  }, {
    "meta" : {
      "id" : 121,
      "displayOrder" : 2,
      "name" : "Greek AdBlock Filter",
      "description" : "Additional filter list for websites in Greek.",
      "version" : "2.0.0.77",
      "group" : "Language",
      "subscriptionUrl" : "https://www.void.gr/kargig/void-gr-filters.txt",
      "homepage" : "https://github.com/kargig/greek-adblockplus-filter",
      "tags" : [ {
        "id" : 1,
        "keyword" : "purpose:ads"
      }, {
        "id" : 44,
        "keyword" : "lang:el"
      } ],
      "lastTimeDownloaded" : 1633698049000,
      "enabled" : false,
      "trusted" : true
    },
    "relativePathToFilteringRules" : null
  }, {
    "meta" : {
      "id" : 238,
      "displayOrder" : 2,
      "name" : "Polish Anti Adblock Filters",
      "description" : "Official Polish filters against Adblock alerts.",
      "version" : "2.0.3.54",
      "group" : "Language",
      "subscriptionUrl" : "https://raw.githubusercontent.com/olegwukr/polish-privacy-filters/master/anti-adblock.txt",
      "homepage" : "https://github.com/olegwukr/polish-privacy-filters",
      "tags" : [ {
        "id" : 10,
        "keyword" : "recommended"
      }, {
        "id" : 50,
        "keyword" : "purpose:antiadblock"
      }, {
        "id" : 41,
        "keyword" : "lang:pl"
      } ],
      "lastTimeDownloaded" : 1701882152000,
      "enabled" : true,
      "trusted" : true
    },
    "relativePathToFilteringRules" : "/filters/filter_238.txt"
  }, {
    "meta" : {
      "id" : 251,
      "displayOrder" : 2,
      "name" : "Legitimate URL Shortener",
      "description" : "Automatically removes unnecessary '$' and '&' values from URLs, making them easier to copy from the URL bar and pasting elsewhere as links. Already included in Dandelion Sprout's Annoyances List.",
      "version" : "2.0.8.85",
      "group" : "Privacy",
      "subscriptionUrl" : "https://raw.githubusercontent.com/DandelionSprout/adfilt/master/LegitimateURLShortener.txt",
      "homepage" : "https://github.com/DandelionSprout/adfilt",
      "tags" : [ {
        "id" : 2,
        "keyword" : "purpose:privacy"
      } ],
      "lastTimeDownloaded" : 1750797442000,
      "enabled" : true,
      "trusted" : true
    },
    "relativePathToFilteringRules" : "/filters/filter_251.txt"
  }, {
    "meta" : {
      "id" : 214,
      "displayOrder" : 2,
      "name" : "ABPVN List",
      "description" : "Vietnamese adblock filter list.",
      "version" : "2.0.17.56",
      "group" : "Language",
      "subscriptionUrl" : "https://raw.githubusercontent.com/abpvn/abpvn/master/filter/abpvn_adguard.txt",
      "homepage" : "https://abpvn.com/",
      "tags" : [ {
        "id" : 1,
        "keyword" : "purpose:ads"
      }, {
        "id" : 52,
        "keyword" : "lang:vi"
      }, {
        "id" : 10,
        "keyword" : "recommended"
      } ],
      "lastTimeDownloaded" : 1659085275000,
      "enabled" : false,
      "trusted" : true
    },
    "relativePathToFilteringRules" : null
  }, {
    "meta" : {
      "id" : 3,
      "displayOrder" : 1,
      "name" : "AdGuard Tracking Protection filter",
      "description" : "The most comprehensive list of various online counters and web analytics tools. Use this filter if you do not want your actions on the Internet to be tracked.",
      "version" : "2.0.87.50",
      "group" : "Privacy",
      "subscriptionUrl" : "https://filters.adtidy.org/android/filters/3_optimized.txt",
      "homepage" : "https://adguard.com/kb/general/ad-filtering/adguard-filters/",
      "tags" : [ {
        "id" : 2,
        "keyword" : "purpose:privacy"
      }, {
        "id" : 10,
        "keyword" : "recommended"
      } ],
      "lastTimeDownloaded" : 1751558889000,
      "enabled" : true,
      "trusted" : true
    },
    "relativePathToFilteringRules" : "/filters/filter_3.txt"
  }, {
    "meta" : {
      "id" : 17,
      "displayOrder" : 1,
      "name" : "AdGuard URL Tracking filter",
      "description" : "Filter that enhances privacy by removing tracking parameters from URLs.",
      "version" : "2.0.11.33",
      "group" : "Privacy",
      "subscriptionUrl" : "https://filters.adtidy.org/android/filters/17_optimized.txt",
      "homepage" : "https://adguard.com/kb/general/ad-filtering/adguard-filters/",
      "tags" : [ {
        "id" : 2,
        "keyword" : "purpose:privacy"
      } ],
      "lastTimeDownloaded" : 1751443766000,
      "enabled" : true,
      "trusted" : true
    },
    "relativePathToFilteringRules" : "/filters/filter_17.txt"
  }, {
    "meta" : {
      "id" : 123,
      "displayOrder" : 2,
      "name" : "Fanboy's Social Blocking List",
      "description" : "Hides and blocks social content, social widgets, social scripts and social icons. Already included in Fanboy's Annoyances list.",
      "version" : "2.0.91.99",
      "group" : "Social",
      "subscriptionUrl" : "https://easylist-downloads.adblockplus.org/fanboy-social.txt",
      "homepage" : "https://github.com/easylist/easylist/",
      "tags" : [ {
        "id" : 3,
        "keyword" : "purpose:social"
      } ],
      "lastTimeDownloaded" : 1659085264000,
      "enabled" : false,
      "trusted" : true
    },
    "relativePathToFilteringRules" : null
  }, {
    "meta" : {
      "id" : 239,
      "displayOrder" : 5,
      "name" : "Fanboy's Anti-thirdparty Fonts",
      "description" : "A filter that blocks third-party fonts. It may break the look and design of some websites.",
      "version" : "2.0.2.30",
      "group" : "Other",
      "subscriptionUrl" : "https://fanboy.co.nz/fanboy-antifonts.txt",
      "homepage" : "https://www.fanboy.co.nz/",
      "tags" : [ {
        "id" : 2,
        "keyword" : "purpose:privacy"
      }, {
        "id" : 45,
        "keyword" : "problematic"
      } ],
      "lastTimeDownloaded" : 1616591177000,
      "enabled" : false,
      "trusted" : true
    },
    "relativePathToFilteringRules" : null
  }, {
    "meta" : {
      "id" : 7,
      "displayOrder" : 1,
      "name" : "AdGuard Japanese filter",
      "description" : "Filter that enables ad blocking on websites in Japanese language.",
      "version" : "2.0.22.85",
      "group" : "Language",
      "subscriptionUrl" : "https://filters.adtidy.org/android/filters/7_optimized.txt",
      "homepage" : "https://adguard.com/kb/general/ad-filtering/adguard-filters/",
      "tags" : [ {
        "id" : 1,
        "keyword" : "purpose:ads"
      }, {
        "id" : 10,
        "keyword" : "recommended"
      }, {
        "id" : 14,
        "keyword" : "lang:ja"
      } ],
      "lastTimeDownloaded" : 1659022309000,
      "enabled" : false,
      "trusted" : true
    },
    "relativePathToFilteringRules" : null
  }, {
    "meta" : {
      "id" : 102,
      "displayOrder" : 2,
      "name" : "ABPindo",
      "description" : "Additional filter list for websites in Indonesian.",
      "version" : "2.0.5.13",
      "group" : "Language",
      "subscriptionUrl" : "https://raw.githubusercontent.com/ABPindo/indonesianadblockrules/master/subscriptions/abpindo.txt",
      "homepage" : "https://github.com/ABPindo/indonesianadblockrules",
      "tags" : [ {
        "id" : 1,
        "keyword" : "purpose:ads"
      }, {
        "id" : 29,
        "keyword" : "lang:id"
      } ],
      "lastTimeDownloaded" : 1657069223000,
      "enabled" : false,
      "trusted" : true
    },
    "relativePathToFilteringRules" : null
  }, {
    "meta" : {
      "id" : 110,
      "displayOrder" : 2,
      "name" : "EasyList Lithuania",
      "description" : "Additional filter list for websites in Lithuanian.",
      "version" : "2.0.2.23",
      "group" : "Language",
      "subscriptionUrl" : "https://raw.githubusercontent.com/EasyList-Lithuania/easylist_lithuania/master/easylistlithuania.txt",
      "homepage" : "https://github.com/EasyList-Lithuania/easylist_lithuania",
      "tags" : [ {
        "id" : 1,
        "keyword" : "purpose:ads"
      }, {
        "id" : 10,
        "keyword" : "recommended"
      }, {
        "id" : 37,
        "keyword" : "lang:lt"
      } ],
      "lastTimeDownloaded" : 1658610060000,
      "enabled" : false,
      "trusted" : true
    },
    "relativePathToFilteringRules" : null
  }, {
    "meta" : {
      "id" : 250,
      "displayOrder" : 100,
      "name" : "Dandelion Sprout's Annoyances List",
      "description" : "This list is made in the style of AdGuard's and Fanboy's annoyances lists. It combines many of Dandelion Sprout's proudest and most frequently maintained international lists, as a curated compilation for simplicity's sake.",
      "version" : "2.0.17.38",
      "group" : "Annoyances",
      "subscriptionUrl" : "https://raw.githubusercontent.com/DandelionSprout/adfilt/master/AnnoyancesList",
      "homepage" : "https://github.com/DandelionSprout/adfilt",
      "tags" : [ {
        "id" : 5,
        "keyword" : "purpose:annoyances"
      } ],
      "lastTimeDownloaded" : 1751402232000,
      "enabled" : true,
      "trusted" : true
    },
    "relativePathToFilteringRules" : "/filters/filter_250.txt"
  }, {
    "meta" : {
      "id" : 243,
      "displayOrder" : 2,
      "name" : "Frellwit's Swedish Filter",
      "description" : "Filter that aims to remove regional Swedish ads, tracking, social media, annoyances, sponsored articles etc.",
      "version" : "2.0.13.82",
      "group" : "Language",
      "subscriptionUrl" : "https://raw.githubusercontent.com/lassekongo83/Frellwits-filter-lists/master/Frellwits-Swedish-Filter.txt",
      "homepage" : "https://github.com/lassekongo83/Frellwit-s-filter-lists",
      "tags" : [ {
        "id" : 10,
        "keyword" : "recommended"
      }, {
        "id" : 1,
        "keyword" : "purpose:ads"
      }, {
        "id" : 5,
        "keyword" : "purpose:annoyances"
      }, {
        "id" : 2,
        "keyword" : "purpose:privacy"
      }, {
        "id" : 3,
        "keyword" : "purpose:social"
      }, {
        "id" : 55,
        "keyword" : "lang:sv"
      } ],
      "lastTimeDownloaded" : 1658998959000,
      "enabled" : false,
      "trusted" : true
    },
    "relativePathToFilteringRules" : null
  }, {
    "meta" : {
      "id" : 13,
      "displayOrder" : 1,
      "name" : "AdGuard Turkish filter",
      "description" : "Filter list that specifically removes ads on websites in Turkish language.",
      "version" : "2.0.57.74",
      "group" : "Language",
      "subscriptionUrl" : "https://filters.adtidy.org/android/filters/13_optimized.txt",
      "homepage" : "https://adguard.com/kb/general/ad-filtering/adguard-filters/",
      "tags" : [ {
        "id" : 1,
        "keyword" : "purpose:ads"
      }, {
        "id" : 10,
        "keyword" : "recommended"
      }, {
        "id" : 24,
        "keyword" : "lang:tr"
      } ],
      "lastTimeDownloaded" : 1751580422000,
      "enabled" : true,
      "trusted" : true
    },
    "relativePathToFilteringRules" : "/filters/filter_13.txt"
  }, {
    "meta" : {
      "id" : 6,
      "displayOrder" : 1,
      "name" : "AdGuard German filter",
      "description" : "EasyList Germany + AdGuard German filter. Filter list that specifically removes ads on websites in German language.",
      "version" : "2.0.28.89",
      "group" : "Language",
      "subscriptionUrl" : "https://filters.adtidy.org/android/filters/6_optimized.txt",
      "homepage" : "https://adguard.com/kb/general/ad-filtering/adguard-filters/",
      "tags" : [ {
        "id" : 1,
        "keyword" : "purpose:ads"
      }, {
        "id" : 10,
        "keyword" : "recommended"
      }, {
        "id" : 12,
        "keyword" : "lang:de"
      } ],
      "lastTimeDownloaded" : 1659033098000,
      "enabled" : false,
      "trusted" : true
    },
    "relativePathToFilteringRules" : null
  }, {
    "meta" : {
      "id" : 253,
      "displayOrder" : 2,
      "name" : "IndianList",
      "description" : "Additional filter list for websites in Hindi, Tamil and other Dravidian and Indic languages.",
      "version" : "2.0.5.36",
      "group" : "Language",
      "subscriptionUrl" : "https://easylist-downloads.adblockplus.org/indianlist.txt",
      "homepage" : "https://github.com/mediumkreation/IndianList",
      "tags" : [ {
        "id" : 1,
        "keyword" : "purpose:ads"
      }, {
        "id" : 67,
        "keyword" : "lang:hi"
      }, {
        "id" : 10,
        "keyword" : "recommended"
      } ],
      "lastTimeDownloaded" : 1659085322000,
      "enabled" : false,
      "trusted" : true
    },
    "relativePathToFilteringRules" : null
  }, {
    "meta" : {
      "id" : 109,
      "displayOrder" : 2,
      "name" : "EasyList Italy",
      "description" : "Additional filter list for websites in Italian.",
      "version" : "2.1.12.5",
      "group" : "Language",
      "subscriptionUrl" : "https://easylist-downloads.adblockplus.org/easylistitaly.txt",
      "homepage" : "https://github.com/easylist/easylistitaly/",
      "tags" : [ {
        "id" : 1,
        "keyword" : "purpose:ads"
      }, {
        "id" : 10,
        "keyword" : "recommended"
      }, {
        "id" : 35,
        "keyword" : "lang:it"
      } ],
      "lastTimeDownloaded" : 1659085242000,
      "enabled" : false,
      "trusted" : true
    },
    "relativePathToFilteringRules" : null
  }, {
    "meta" : {
      "id" : 224,
      "displayOrder" : 1,
      "name" : "AdGuard Chinese filter",
      "description" : "EasyList China + AdGuard Chinese filter. Filter list that specifically removes ads on websites in Chinese language.",
      "version" : "2.1.40.10",
      "group" : "Language",
      "subscriptionUrl" : "https://filters.adtidy.org/android/filters/224_optimized.txt",
      "homepage" : "https://adguard.com/kb/general/ad-filtering/adguard-filters/",
      "tags" : [ {
        "id" : 1,
        "keyword" : "purpose:ads"
      }, {
        "id" : 10,
        "keyword" : "recommended"
      }, {
        "id" : 31,
        "keyword" : "lang:zh"
      } ],
      "lastTimeDownloaded" : 1751576844000,
      "enabled" : true,
      "trusted" : true
    },
    "relativePathToFilteringRules" : "/filters/filter_224.txt"
  }, {
    "meta" : {
      "id" : 106,
      "displayOrder" : 2,
      "name" : "EasyList Dutch",
      "description" : "Additional filter list for websites in Dutch. Already included in AdGuard Dutch filter.",
      "version" : "2.1.12.3",
      "group" : "Language",
      "subscriptionUrl" : "https://easylist-downloads.adblockplus.org/easylistdutch.txt",
      "homepage" : "https://github.com/easylist/easylistdutch/",
      "tags" : [ {
        "id" : 1,
        "keyword" : "purpose:ads"
      }, {
        "id" : 15,
        "keyword" : "lang:nl"
      } ],
      "lastTimeDownloaded" : 1659085239000,
      "enabled" : false,
      "trusted" : true
    },
    "relativePathToFilteringRules" : null
  }, {
    "meta" : {
      "id" : 246,
      "displayOrder" : 2,
      "name" : "EasyList Polish",
      "description" : "Additional filter list for websites in Polish.",
      "version" : "2.1.8.11",
      "group" : "Language",
      "subscriptionUrl" : "https://easylist-downloads.adblockplus.org/easylistpolish.txt",
      "homepage" : "https://github.com/easylistpolish/easylistpolish/",
      "tags" : [ {
        "id" : 1,
        "keyword" : "purpose:ads"
      }, {
        "id" : 41,
        "keyword" : "lang:pl"
      } ],
      "lastTimeDownloaded" : 1659085314000,
      "enabled" : false,
      "trusted" : true
    },
    "relativePathToFilteringRules" : null
  }, {
    "meta" : {
      "id" : 217,
      "displayOrder" : 2,
      "name" : "Polish GDPR-Cookies Filters",
      "description" : "Polish filter list for cookies blocking.",
      "version" : "2.0.4.81",
      "group" : "Language",
      "subscriptionUrl" : "https://raw.githubusercontent.com/MajkiIT/polish-ads-filter/master/cookies_filters/adblock_cookies.txt",
      "homepage" : "https://github.com/MajkiIT/polish-ads-filter#polish-filters-for-adblock-ublock-origin--adguard",
      "tags" : [ {
        "id" : 6,
        "keyword" : "purpose:cookies"
      }, {
        "id" : 41,
        "keyword" : "lang:pl"
      } ],
      "lastTimeDownloaded" : 1658322074000,
      "enabled" : false,
      "trusted" : true
    },
    "relativePathToFilteringRules" : null
  }, {
    "meta" : {
      "id" : 8,
      "displayOrder" : 1,
      "name" : "AdGuard Dutch filter",
      "description" : "EasyList Dutch + AdGuard Dutch filter. Filter list that specifically removes ads on websites in Dutch language.",
      "version" : "2.0.4.10",
      "group" : "Language",
      "subscriptionUrl" : "https://filters.adtidy.org/android/filters/8_optimized.txt",
      "homepage" : "https://adguard.com/kb/general/ad-filtering/adguard-filters/",
      "tags" : [ {
        "id" : 1,
        "keyword" : "purpose:ads"
      }, {
        "id" : 10,
        "keyword" : "recommended"
      }, {
        "id" : 15,
        "keyword" : "lang:nl"
      } ],
      "lastTimeDownloaded" : 1658334708000,
      "enabled" : false,
      "trusted" : true
    },
    "relativePathToFilteringRules" : null
  }, {
    "meta" : {
      "id" : 118,
      "displayOrder" : 2,
      "name" : "EasyPrivacy",
      "description" : "Privacy protection supplement for EasyList.",
      "version" : "2.0.94.63",
      "group" : "Privacy",
      "subscriptionUrl" : "https://easylist.to/easylist/easyprivacy.txt",
      "homepage" : "https://github.com/easylist/easylist/",
      "tags" : [ {
        "id" : 2,
        "keyword" : "purpose:privacy"
      } ],
      "lastTimeDownloaded" : 1659085248000,
      "enabled" : false,
      "trusted" : true
    },
    "relativePathToFilteringRules" : null
  }, {
    "meta" : {
      "id" : 236,
      "displayOrder" : 2,
      "name" : "road-block light",
      "description" : "Romanian ad blocking filter subscription.",
      "version" : "2.0.1.33",
      "group" : "Language",
      "subscriptionUrl" : "https://raw.githubusercontent.com/tcptomato/ROad-Block/master/road-block-filters-light.txt",
      "homepage" : "https://github.com/tcptomato/ROad-Block",
      "tags" : [ {
        "id" : 1,
        "keyword" : "purpose:ads"
      }, {
        "id" : 39,
        "keyword" : "lang:ro"
      } ],
      "lastTimeDownloaded" : 1658566903000,
      "enabled" : false,
      "trusted" : true
    },
    "relativePathToFilteringRules" : null
  }, {
    "meta" : {
      "id" : 105,
      "displayOrder" : 2,
      "name" : "EasyList Czech and Slovak",
      "description" : "Additional filter list for websites in Czech and Slovak.",
      "version" : "2.0.2.21",
      "group" : "Language",
      "subscriptionUrl" : "https://raw.githubusercontent.com/tomasko126/easylistczechandslovak/master/filters.txt",
      "homepage" : "https://github.com/tomasko126/easylistczechandslovak",
      "tags" : [ {
        "id" : 1,
        "keyword" : "purpose:ads"
      }, {
        "id" : 10,
        "keyword" : "recommended"
      }, {
        "id" : 32,
        "keyword" : "lang:cs"
      }, {
        "id" : 33,
        "keyword" : "lang:sk"
      } ],
      "lastTimeDownloaded" : 1658437252000,
      "enabled" : false,
      "trusted" : true
    },
    "relativePathToFilteringRules" : null
  }, {
    "meta" : {
      "id" : 14,
      "displayOrder" : 1,
      "name" : "AdGuard Annoyances filter",
      "description" : "Blocks irritating elements on web pages including cookie notices, third-party widgets and in-page pop-ups. Contains the following AdGuard filters: Cookie Notices, Popups, Mobile App Banners, Other Annoyances and Widgets.",
      "version" : "2.1.27.90",
      "group" : "Annoyances",
      "subscriptionUrl" : "https://filters.adtidy.org/android/filters/14_optimized.txt",
      "homepage" : "https://adguard.com/kb/general/ad-filtering/adguard-filters/",
      "tags" : [ {
        "id" : 5,
        "keyword" : "purpose:annoyances"
      } ],
      "lastTimeDownloaded" : 1659094244000,
      "enabled" : false,
      "trusted" : true
    },
    "relativePathToFilteringRules" : null
  }, {
    "meta" : {
      "id" : 108,
      "displayOrder" : 2,
      "name" : "EasyList Hebrew",
      "description" : "Additional filter list for websites in Hebrew.",
      "version" : "2.0.3.88",
      "group" : "Language",
      "subscriptionUrl" : "https://raw.githubusercontent.com/easylist/EasyListHebrew/master/EasyListHebrew.txt",
      "homepage" : "https://github.com/easylist/EasyListHebrew",
      "tags" : [ {
        "id" : 1,
        "keyword" : "purpose:ads"
      }, {
        "id" : 10,
        "keyword" : "recommended"
      }, {
        "id" : 34,
        "keyword" : "lang:he"
      } ],
      "lastTimeDownloaded" : 1657141249000,
      "enabled" : false,
      "trusted" : true
    },
    "relativePathToFilteringRules" : null
  }, {
    "meta" : {
      "id" : 119,
      "displayOrder" : 2,
      "name" : "Icelandic ABP List",
      "description" : "Additional filter list for websites in Icelandic.",
      "version" : "2.0.0.12",
      "group" : "Language",
      "subscriptionUrl" : "https://adblock.gardar.net/is.abp.txt",
      "homepage" : "https://adblock.gardar.net/",
      "tags" : [ {
        "id" : 1,
        "keyword" : "purpose:ads"
      }, {
        "id" : 42,
        "keyword" : "lang:is"
      } ],
      "lastTimeDownloaded" : 1655917238000,
      "enabled" : false,
      "trusted" : true
    },
    "relativePathToFilteringRules" : null
  }, {
    "meta" : {
      "id" : 252,
      "displayOrder" : 2,
      "name" : "Dandelion Sprout's Serbo-Croatian List",
      "description" : "A filter list for websites in Serbian, Montenegrin, Croatian, and Bosnian.",
      "version" : "2.0.0.2",
      "group" : "Language",
      "subscriptionUrl" : "https://raw.githubusercontent.com/DandelionSprout/adfilt/master/SerboCroatianList.txt",
      "homepage" : "https://github.com/DandelionSprout/adfilt",
      "tags" : [ {
        "id" : 1,
        "keyword" : "purpose:ads"
      }, {
        "id" : 65,
        "keyword" : "lang:sr"
      }, {
        "id" : 66,
        "keyword" : "lang:hr"
      }, {
        "id" : 10,
        "keyword" : "recommended"
      } ],
      "lastTimeDownloaded" : 1648371713000,
      "enabled" : false,
      "trusted" : true
    },
    "relativePathToFilteringRules" : null
  }, {
    "meta" : {
      "id" : 225,
      "displayOrder" : 4,
      "name" : "Fanboy's Anti-Facebook List",
      "description" : "Warning, it will break Facebook-based comments on some websites and may also break some Facebook apps or games.",
      "version" : "2.0.0.30",
      "group" : "Privacy",
      "subscriptionUrl" : "https://www.fanboy.co.nz/fanboy-antifacebook.txt",
      "homepage" : "https://www.fanboy.co.nz",
      "tags" : [ {
        "id" : 2,
        "keyword" : "purpose:privacy"
      }, {
        "id" : 45,
        "keyword" : "problematic"
      } ],
      "lastTimeDownloaded" : 1656666109000,
      "enabled" : false,
      "trusted" : true
    },
    "relativePathToFilteringRules" : null
  }, {
    "meta" : {
      "id" : 247,
      "displayOrder" : 2,
      "name" : "Polish Anti-Annoying Special Supplement",
      "description" : "Filters that block and hide RSS elements and remnants of hidden newsletters combined with social elements on Polish websites.",
      "version" : "2.0.2.93",
      "group" : "Language",
      "subscriptionUrl" : "https://raw.githubusercontent.com/FiltersHeroes/PolishAntiAnnoyingSpecialSupplement/master/polish_rss_filters.txt",
      "homepage" : "https://github.com/FiltersHeroes/PolishAntiAnnoyingSpecialSupplement/",
      "tags" : [ {
        "id" : 41,
        "keyword" : "lang:pl"
      }, {
        "id" : 5,
        "keyword" : "purpose:annoyances"
      } ],
      "lastTimeDownloaded" : 1658192504000,
      "enabled" : false,
      "trusted" : true
    },
    "relativePathToFilteringRules" : null
  }, {
    "meta" : {
      "id" : 203,
      "displayOrder" : 2,
      "name" : "Hungarian filter",
      "description" : "Hufilter. Filter list that specifically removes ads on websites in the Hungarian language.",
      "version" : "2.0.1.84",
      "group" : "Language",
      "subscriptionUrl" : "https://cdn.jsdelivr.net/gh/hufilter/hufilter@gh-pages/hufilter-adguard.txt",
      "homepage" : "https://github.com/hufilter/hufilter/wiki",
      "tags" : [ {
        "id" : 1,
        "keyword" : "purpose:ads"
      }, {
        "id" : 2,
        "keyword" : "purpose:privacy"
      }, {
        "id" : 48,
        "keyword" : "lang:hu"
      }, {
        "id" : 10,
        "keyword" : "recommended"
      } ],
      "lastTimeDownloaded" : 1658667659000,
      "enabled" : false,
      "trusted" : true
    },
    "relativePathToFilteringRules" : null
  }, {
    "meta" : {
      "id" : 122,
      "displayOrder" : 100,
      "name" : "Fanboy's Annoyances",
      "description" : "Removes in-page pop-ups and other annoyances. Includes Fanboy's Social Blocking & EasyList Cookie Lists.",
      "version" : "2.0.92.16",
      "group" : "Annoyances",
      "subscriptionUrl" : "https://secure.fanboy.co.nz/fanboy-annoyance_ubo.txt",
      "homepage" : "https://github.com/easylist/easylist/",
      "tags" : [ {
        "id" : 5,
        "keyword" : "purpose:annoyances"
      } ],
      "lastTimeDownloaded" : 1659085260000,
      "enabled" : false,
      "trusted" : true
    },
    "relativePathToFilteringRules" : null
  }, {
    "meta" : {
      "id" : 218,
      "displayOrder" : 2,
      "name" : "Estonian List",
      "description" : "Filter for ad blocking on Estonian sites.",
      "version" : "2.0.3.48",
      "group" : "Language",
      "subscriptionUrl" : "https://adblock.ee/list.txt",
      "homepage" : "https://adblock.ee/",
      "tags" : [ {
        "id" : 10,
        "keyword" : "recommended"
      }, {
        "id" : 1,
        "keyword" : "purpose:ads"
      }, {
        "id" : 53,
        "keyword" : "lang:et"
      } ],
      "lastTimeDownloaded" : 1653483677000,
      "enabled" : false,
      "trusted" : true
    },
    "relativePathToFilteringRules" : null
  }, {
    "meta" : {
      "id" : 104,
      "displayOrder" : 2,
      "name" : "EasyList China",
      "description" : "Additional filter list for websites in Chinese. Already included in AdGuard Chinese filter.",
      "version" : "2.1.11.68",
      "group" : "Language",
      "subscriptionUrl" : "https://raw.githubusercontent.com/easylist/easylistchina/master/easylistchina.txt",
      "homepage" : "https://github.com/easylist/easylistchina",
      "tags" : [ {
        "id" : 1,
        "keyword" : "purpose:ads"
      }, {
        "id" : 31,
        "keyword" : "lang:zh"
      } ],
      "lastTimeDownloaded" : 1659085238000,
      "enabled" : false,
      "trusted" : true
    },
    "relativePathToFilteringRules" : null
  }, {
    "meta" : {
      "id" : 202,
      "displayOrder" : 2,
      "name" : "EasyList Thailand",
      "description" : "Filter that blocks ads on Thai sites.",
      "version" : "2.0.0.2",
      "group" : "Language",
      "subscriptionUrl" : "https://raw.githubusercontent.com/easylist-thailand/easylist-thailand/master/subscription/easylist-thailand.txt",
      "homepage" : "https://github.com/easylist-thailand/",
      "tags" : [ {
        "id" : 1,
        "keyword" : "purpose:ads"
      }, {
        "id" : 10,
        "keyword" : "recommended"
      }, {
        "id" : 64,
        "keyword" : "lang:th"
      } ],
      "lastTimeDownloaded" : 1652734867000,
      "enabled" : false,
      "trusted" : true
    },
    "relativePathToFilteringRules" : null
  }, {
    "meta" : {
      "id" : 232,
      "displayOrder" : 2,
      "name" : "KAD - Anti-Scam",
      "description" : "Filter that protects against various types of scams in the Polish network, such as mass text messaging, fake online stores, etc.",
      "version" : "2.0.30.76",
      "group" : "Language",
      "subscriptionUrl" : "https://raw.githubusercontent.com/FiltersHeroes/KAD/master/KAD.txt",
      "homepage" : "https://github.com/FiltersHeroes/KAD",
      "tags" : [ {
        "id" : 4,
        "keyword" : "purpose:security"
      }, {
        "id" : 41,
        "keyword" : "lang:pl"
      } ],
      "lastTimeDownloaded" : 1659085297000,
      "enabled" : false,
      "trusted" : true
    },
    "relativePathToFilteringRules" : null
  }, {
    "meta" : {
      "id" : 21,
      "displayOrder" : 2,
      "name" : "AdGuard Other Annoyances filter",
      "description" : "Blocks irritating elements on web pages that do not fall under the popular categories of annoyances.",
      "version" : "2.0.0.18",
      "group" : "Annoyances",
      "subscriptionUrl" : "https://filters.adtidy.org/android/filters/21_optimized.txt",
      "homepage" : "https://adguard.com/kb/general/ad-filtering/adguard-filters/",
      "tags" : [ {
        "id" : 5,
        "keyword" : "purpose:annoyances"
      }, {
        "id" : 10,
        "keyword" : "recommended"
      } ],
      "lastTimeDownloaded" : 1658999023000,
      "enabled" : false,
      "trusted" : true
    },
    "relativePathToFilteringRules" : "/filters/filter_21.txt"
  }, {
    "meta" : {
      "id" : 220,
      "displayOrder" : 2,
      "name" : "CJX's Annoyances List",
      "description" : "Supplement for EasyList China+EasyList and EasyPrivacy.",
      "version" : "2.0.4.92",
      "group" : "Language",
      "subscriptionUrl" : "https://raw.githubusercontent.com/cjx82630/cjxlist/master/cjx-annoyance.txt",
      "homepage" : "https://github.com/cjx82630/cjxlist/",
      "tags" : [ {
        "id" : 5,
        "keyword" : "purpose:annoyances"
      }, {
        "id" : 31,
        "keyword" : "lang:zh"
      } ],
      "lastTimeDownloaded" : 1658552470000,
      "enabled" : false,
      "trusted" : true
    },
    "relativePathToFilteringRules" : null
  }, {
    "meta" : {
      "id" : 2,
      "displayOrder" : 1,
      "name" : "AdGuard Base filter",
      "description" : "EasyList + AdGuard English filter. This filter is necessary for quality ad blocking.",
      "version" : "2.3.93.68",
      "group" : "Ads",
      "subscriptionUrl" : "https://filters.adtidy.org/android/filters/2_optimized.txt",
      "homepage" : "https://adguard.com/kb/general/ad-filtering/adguard-filters/",
      "tags" : [ {
        "id" : 10,
        "keyword" : "recommended"
      }, {
        "id" : 1,
        "keyword" : "purpose:ads"
      } ],
      "lastTimeDownloaded" : 1751580398000,
      "enabled" : true,
      "trusted" : true
    },
    "relativePathToFilteringRules" : "/filters/filter_2.txt"
  }, {
    "meta" : {
      "id" : 18,
      "displayOrder" : 2,
      "name" : "AdGuard Cookie Notices filter",
      "description" : "Blocks cookie notices on web pages.",
      "version" : "2.0.65.17",
      "group" : "Annoyances",
      "subscriptionUrl" : "https://filters.adtidy.org/android/filters/18_optimized.txt",
      "homepage" : "https://adguard.com/kb/general/ad-filtering/adguard-filters/",
      "tags" : [ {
        "id" : 5,
        "keyword" : "purpose:annoyances"
      }, {
        "id" : 10,
        "keyword" : "recommended"
      } ],
      "lastTimeDownloaded" : 1751580432000,
      "enabled" : true,
      "trusted" : true
    },
    "relativePathToFilteringRules" : "/filters/filter_18.txt"
  }, {
    "meta" : {
      "id" : 234,
      "displayOrder" : 2,
      "name" : "ROLIST2",
      "description" : "This is a complementary list for ROList with annoyances that are not necessarily banners. It is a very aggressive list and not recommended for beginners.",
      "version" : "2.0.0.65",
      "group" : "Language",
      "subscriptionUrl" : "https://www.zoso.ro/pages/rolist2.txt",
      "homepage" : "https://zoso.ro/rolist/",
      "tags" : [ {
        "id" : 45,
        "keyword" : "problematic"
      }, {
        "id" : 5,
        "keyword" : "purpose:annoyances"
      }, {
        "id" : 39,
        "keyword" : "lang:ro"
      } ],
      "lastTimeDownloaded" : 1656493309000,
      "enabled" : false,
      "trusted" : true
    },
    "relativePathToFilteringRules" : null
  }, {
    "meta" : {
      "id" : 20,
      "displayOrder" : 2,
      "name" : "AdGuard Mobile App Banners filter",
      "description" : "Blocks irritating banners that promote mobile apps of websites.",
      "version" : "2.0.22.17",
      "group" : "Annoyances",
      "subscriptionUrl" : "https://filters.adtidy.org/android/filters/20_optimized.txt",
      "homepage" : "https://adguard.com/kb/general/ad-filtering/adguard-filters/",
      "tags" : [ {
        "id" : 5,
        "keyword" : "purpose:annoyances"
      }, {
        "id" : 10,
        "keyword" : "recommended"
      } ],
      "lastTimeDownloaded" : 1751544720000,
      "enabled" : true,
      "trusted" : true
    },
    "relativePathToFilteringRules" : "/filters/filter_20.txt"
  }, {
    "meta" : {
      "id" : 16,
      "displayOrder" : 1,
      "name" : "AdGuard French filter",
      "description" : "Liste FR + AdGuard French filter. Filter list that specifically removes ads on websites in French language.",
      "version" : "2.0.34.9",
      "group" : "Language",
      "subscriptionUrl" : "https://filters.adtidy.org/android/filters/16_optimized.txt",
      "homepage" : "https://adguard.com/kb/general/ad-filtering/adguard-filters/",
      "tags" : [ {
        "id" : 1,
        "keyword" : "purpose:ads"
      }, {
        "id" : 10,
        "keyword" : "recommended"
      }, {
        "id" : 27,
        "keyword" : "lang:fr"
      } ],
      "lastTimeDownloaded" : 1659079843000,
      "enabled" : false,
      "trusted" : true
    },
    "relativePathToFilteringRules" : null
  }, {
    "meta" : {
      "id" : 241,
      "displayOrder" : 100,
      "name" : "EasyList Cookie List",
      "description" : "Removes cookie and privacy warnings. Already included in Fanboy's Annoyances list.",
      "version" : "2.1.55.61",
      "group" : "Annoyances",
      "subscriptionUrl" : "https://www.fanboy.co.nz/fanboy-cookiemonster.txt",
      "homepage" : "https://github.com/easylist/easylist/",
      "tags" : [ {
        "id" : 6,
        "keyword" : "purpose:cookies"
      } ],
      "lastTimeDownloaded" : 1751575004000,
      "enabled" : true,
      "trusted" : true
    },
    "relativePathToFilteringRules" : "/filters/filter_241.txt"
  }, {
    "meta" : {
      "id" : 235,
      "displayOrder" : 2,
      "name" : "Persian Blocker",
      "description" : "Filter list for blocking ads and trackers on websites in Persian.",
      "version" : "2.0.0.35",
      "group" : "Language",
      "subscriptionUrl" : "https://raw.githubusercontent.com/MasterKia/PersianBlocker/main/PersianBlocker.txt",
      "homepage" : "https://github.com/MasterKia/PersianBlocker/",
      "tags" : [ {
        "id" : 10,
        "keyword" : "recommended"
      }, {
        "id" : 1,
        "keyword" : "purpose:ads"
      }, {
        "id" : 54,
        "keyword" : "lang:fa"
      }, {
        "id" : 69,
        "keyword" : "lang:tg"
      }, {
        "id" : 70,
        "keyword" : "lang:ps"
      } ],
      "lastTimeDownloaded" : 1659085299000,
      "enabled" : false,
      "trusted" : true
    },
    "relativePathToFilteringRules" : null
  }, {
    "meta" : {
      "id" : 103,
      "displayOrder" : 2,
      "name" : "Bulgarian list",
      "description" : "Additional filter list for websites in Bulgarian.",
      "version" : "2.0.0.33",
      "group" : "Language",
      "subscriptionUrl" : "https://stanev.org/abp/adblock_bg.txt",
      "homepage" : "https://github.com/RealEnder/adblockbg/",
      "tags" : [ {
        "id" : 1,
        "keyword" : "purpose:ads"
      }, {
        "id" : 10,
        "keyword" : "recommended"
      }, {
        "id" : 30,
        "keyword" : "lang:bg"
      } ],
      "lastTimeDownloaded" : 1655110834000,
      "enabled" : false,
      "trusted" : true
    },
    "relativePathToFilteringRules" : null
  }, {
    "meta" : {
      "id" : 207,
      "displayOrder" : 3,
      "name" : "Adblock Warning Removal List",
      "description" : "Removes anti-adblock warnings and other obtrusive messages.",
      "version" : "2.1.12.4",
      "group" : "Annoyances",
      "subscriptionUrl" : "https://easylist-downloads.adblockplus.org/antiadblockfilters.txt",
      "homepage" : "https://github.com/easylist/antiadblockfilters/",
      "tags" : [ {
        "id" : 50,
        "keyword" : "purpose:antiadblock"
      } ],
      "lastTimeDownloaded" : 1659085271000,
      "enabled" : false,
      "trusted" : true
    },
    "relativePathToFilteringRules" : null
  }, {
    "meta" : {
      "id" : 112,
      "displayOrder" : 2,
      "name" : "Liste AR",
      "description" : "Additional filter list for websites in Arabic.",
      "version" : "2.1.12.4",
      "group" : "Language",
      "subscriptionUrl" : "https://easylist-downloads.adblockplus.org/Liste_AR.txt",
      "homepage" : "https://github.com/easylist/listear",
      "tags" : [ {
        "id" : 1,
        "keyword" : "purpose:ads"
      }, {
        "id" : 10,
        "keyword" : "recommended"
      }, {
        "id" : 38,
        "keyword" : "lang:ar"
      } ],
      "lastTimeDownloaded" : 1659085243000,
      "enabled" : false,
      "trusted" : true
    },
    "relativePathToFilteringRules" : null
  }, {
    "meta" : {
      "id" : 204,
      "displayOrder" : 4,
      "name" : "Peter Lowe's Blocklist",
      "description" : "Filter that blocks ads, trackers, and other nasty things.",
      "version" : "2.0.10.6",
      "group" : "Privacy",
      "subscriptionUrl" : "https://pgl.yoyo.org/adservers/serverlist.php?hostformat=adblockplus&mimetype=plaintext",
      "homepage" : "https://pgl.yoyo.org/adservers/",
      "tags" : [ {
        "id" : 2,
        "keyword" : "purpose:privacy"
      } ],
      "lastTimeDownloaded" : 1659013262000,
      "enabled" : false,
      "trusted" : true
    },
    "relativePathToFilteringRules" : null
  }, {
    "meta" : {
      "id" : 11,
      "displayOrder" : 2,
      "name" : "AdGuard Mobile Ads filter",
      "description" : "Filter for all known mobile ad networks. Useful for mobile devices.",
      "version" : "2.0.62.9",
      "group" : "Ads",
      "subscriptionUrl" : "https://filters.adtidy.org/android/filters/11_optimized.txt",
      "homepage" : "https://adguard.com/kb/general/ad-filtering/adguard-filters/",
      "tags" : [ {
        "id" : 1,
        "keyword" : "purpose:ads"
      }, {
        "id" : 2,
        "keyword" : "purpose:privacy"
      }, {
        "id" : 10,
        "keyword" : "recommended"
      }, {
        "id" : 19,
        "keyword" : "platform:mobile"
      } ],
      "lastTimeDownloaded" : 1751544703000,
      "enabled" : true,
      "trusted" : true
    },
    "relativePathToFilteringRules" : "/filters/filter_11.txt"
  }, {
    "meta" : {
      "id" : 233,
      "displayOrder" : 2,
      "name" : "Adblock List for Finland",
      "description" : "Finnish ad blocking filter list.",
      "version" : "2.0.8.41",
      "group" : "Language",
      "subscriptionUrl" : "https://raw.githubusercontent.com/finnish-easylist-addition/finnish-easylist-addition/gh-pages/Finland_adb.txt",
      "homepage" : "https://github.com/finnish-easylist-addition/finnish-easylist-addition",
      "tags" : [ {
        "id" : 1,
        "keyword" : "purpose:ads"
      }, {
        "id" : 10,
        "keyword" : "recommended"
      }, {
        "id" : 40,
        "keyword" : "lang:fi"
      } ],
      "lastTimeDownloaded" : 1659056485000,
      "enabled" : false,
      "trusted" : true
    },
    "relativePathToFilteringRules" : null
  }, {
    "meta" : {
      "id" : 15,
      "displayOrder" : 3,
      "name" : "AdGuard DNS filter",
      "description" : "Filter composed of several other filters (AdGuard Base filter, Social Media filter, Tracking Protection filter, Mobile Ads filter, EasyList and EasyPrivacy) and simplified specifically to be better compatible with DNS-level ad blocking.",
      "version" : "2.0.84.91",
      "group" : "Other",
      "subscriptionUrl" : "https://filters.adtidy.org/android/filters/15_optimized.txt",
      "homepage" : "https://adguard.com/kb/general/ad-filtering/adguard-filters/",
      "tags" : [ {
        "id" : 45,
        "keyword" : "problematic"
      }, {
        "id" : 1,
        "keyword" : "purpose:ads"
      }, {
        "id" : 2,
        "keyword" : "purpose:privacy"
      } ],
      "lastTimeDownloaded" : 1751580428000,
      "enabled" : true,
      "trusted" : true
    },
    "relativePathToFilteringRules" : "/filters/filter_15.txt"
  }, {
    "meta" : {
      "id" : 206,
      "displayOrder" : 2,
      "name" : "Xfiles",
      "description" : "Italian adblock filter list.",
      "version" : "2.0.1.38",
      "group" : "Language",
      "subscriptionUrl" : "https://raw.githubusercontent.com/gioxx/xfiles/master/filtri.txt",
      "homepage" : "https://xfiles.noads.it/",
      "tags" : [ {
        "id" : 1,
        "keyword" : "purpose:ads"
      }, {
        "id" : 35,
        "keyword" : "lang:it"
      } ],
      "lastTimeDownloaded" : 1657933259000,
      "enabled" : false,
      "trusted" : true
    },
    "relativePathToFilteringRules" : null
  }, {
    "meta" : {
      "id" : 107,
      "displayOrder" : 2,
      "name" : "EasyList Germany",
      "description" : "Additional filter list for websites in German. Already included in AdGuard German filter.",
      "version" : "2.0.8.54",
      "group" : "Language",
      "subscriptionUrl" : "https://easylist.to/easylistgermany/easylistgermany.txt",
      "homepage" : "https://github.com/easylist/easylistgermany/",
      "tags" : [ {
        "id" : 1,
        "keyword" : "purpose:ads"
      }, {
        "id" : 12,
        "keyword" : "lang:de"
      } ],
      "lastTimeDownloaded" : 1658250030000,
      "enabled" : false,
      "trusted" : true
    },
    "relativePathToFilteringRules" : null
  }, {
    "meta" : {
      "id" : 4,
      "displayOrder" : 1,
      "name" : "AdGuard Social Media filter",
      "description" : "Filter for social media widgets such as 'Like' and 'Share' buttons and more.",
      "version" : "2.1.16.77",
      "group" : "Social",
      "subscriptionUrl" : "https://filters.adtidy.org/android/filters/4_optimized.txt",
      "homepage" : "https://adguard.com/kb/general/ad-filtering/adguard-filters/",
      "tags" : [ {
        "id" : 3,
        "keyword" : "purpose:social"
      }, {
        "id" : 10,
        "keyword" : "recommended"
      } ],
      "lastTimeDownloaded" : 1751580412000,
      "enabled" : true,
      "trusted" : true
    },
    "relativePathToFilteringRules" : "/filters/filter_4.txt"
  }, {
    "meta" : {
      "id" : 228,
      "displayOrder" : 2,
      "name" : "xinggsf",
      "description" : "Blocks ads on the Chinese video platforms (MangoTV, DouYu and others).",
      "version" : "2.0.1.78",
      "group" : "Language",
      "subscriptionUrl" : "https://raw.githubusercontent.com/xinggsf/Adblock-Plus-Rule/master/rule.txt",
      "homepage" : "https://github.com/xinggsf/Adblock-Plus-Rule/",
      "tags" : [ {
        "id" : 45,
        "keyword" : "problematic"
      }, {
        "id" : 1,
        "keyword" : "purpose:ads"
      }, {
        "id" : 31,
        "keyword" : "lang:zh"
      } ],
      "lastTimeDownloaded" : 1657760476000,
      "enabled" : false,
      "trusted" : true
    },
    "relativePathToFilteringRules" : null
  }, {
    "meta" : {
      "id" : 231,
      "displayOrder" : 2,
      "name" : "EasyList Spanish",
      "description" : "Additional filter list for websites in Spanish.",
      "version" : "2.1.72.60",
      "group" : "Language",
      "subscriptionUrl" : "https://easylist-downloads.adblockplus.org/easylistspanish.txt",
      "homepage" : "https://github.com/easylist/easylistspanish",
      "tags" : [ {
        "id" : 1,
        "keyword" : "purpose:ads"
      }, {
        "id" : 17,
        "keyword" : "lang:es"
      } ],
      "lastTimeDownloaded" : 1751574992000,
      "enabled" : true,
      "trusted" : true
    },
    "relativePathToFilteringRules" : "/filters/filter_231.txt"
  }, {
    "meta" : {
      "id" : 227,
      "displayOrder" : 2,
      "name" : "List-KR",
      "description" : "Filter that removes ads and various scripts from websites with Korean content. Combined and augmented with AdGuard-specific rules for enhanced filtering. This filter is expected to be used alongside with AdGuard Base filter.",
      "version" : "2.0.9.0",
      "group" : "Language",
      "subscriptionUrl" : "https://cdn.jsdelivr.net/gh/List-KR/List-KR@latest/filter-AdGuard.txt",
      "homepage" : "https://list-kr.github.io/",
      "tags" : [ {
        "id" : 1,
        "keyword" : "purpose:ads"
      }, {
        "id" : 56,
        "keyword" : "lang:ko"
      }, {
        "id" : 10,
        "keyword" : "recommended"
      } ],
      "lastTimeDownloaded" : 1659042103000,
      "enabled" : false,
      "trusted" : true
    },
    "relativePathToFilteringRules" : null
  }, {
    "meta" : {
      "id" : 237,
      "displayOrder" : 2,
      "name" : "Polish Annoyances Filters",
      "description" : "Filter list that hides and blocks pop-ups, widgets, newsletters, push notifications, arrows, tagged internal links that are off-topic, and other irritating elements. Polish GDPR-Cookies Filters is already in it.",
      "version" : "1.0.24.13",
      "group" : "Language",
      "subscriptionUrl" : "https://raw.githubusercontent.com/PolishFiltersTeam/PolishAnnoyanceFilters/master/PPB.txt",
      "homepage" : "https://polishannoyancefilters.netlify.app",
      "tags" : [ {
        "id" : 41,
        "keyword" : "lang:pl"
      }, {
        "id" : 5,
        "keyword" : "purpose:annoyances"
      } ],
      "lastTimeDownloaded" : 1658941292000,
      "enabled" : false,
      "trusted" : true
    },
    "relativePathToFilteringRules" : null
  }, {
    "meta" : {
      "id" : 111,
      "displayOrder" : 2,
      "name" : "Latvian List",
      "description" : "Additional filter list for websites in Latvian.",
      "version" : "2.0.0.54",
      "group" : "Language",
      "subscriptionUrl" : "https://raw.githubusercontent.com/Latvian-List/adblock-latvian/master/lists/latvian-list.txt",
      "homepage" : "https://github.com/Latvian-List/adblock-latvian",
      "tags" : [ {
        "id" : 1,
        "keyword" : "purpose:ads"
      }, {
        "id" : 10,
        "keyword" : "recommended"
      }, {
        "id" : 36,
        "keyword" : "lang:lv"
      } ],
      "lastTimeDownloaded" : 1658840435000,
      "enabled" : false,
      "trusted" : true
    },
    "relativePathToFilteringRules" : null
  }, {
    "meta" : {
      "id" : 221,
      "displayOrder" : 2,
      "name" : "Polish Social Filters",
      "description" : "Polish filter list for social widgets, popups, etc.",
      "version" : "2.0.4.54",
      "group" : "Language",
      "subscriptionUrl" : "https://raw.githubusercontent.com/MajkiIT/polish-ads-filter/master/adblock_social_filters/adblock_social_list.txt",
      "homepage" : "https://github.com/MajkiIT/polish-ads-filter#polish-filters-for-adblock-ublock-origin--adguard",
      "tags" : [ {
        "id" : 3,
        "keyword" : "purpose:social"
      }, {
        "id" : 41,
        "keyword" : "lang:pl"
      } ],
      "lastTimeDownloaded" : 1658322083000,
      "enabled" : false,
      "trusted" : true
    },
    "relativePathToFilteringRules" : null
  }, {
    "meta" : {
      "id" : 249,
      "displayOrder" : 249,
      "name" : "Dandelion Sprout's Nordic Filters",
      "description" : "This list covers websites for Norway, Denmark, Iceland, Danish territories, and the Sami indigenous population.",
      "version" : "2.0.6.37",
      "group" : "Language",
      "subscriptionUrl" : "https://raw.githubusercontent.com/DandelionSprout/adfilt/master/NorwegianExperimentalList%20alternate%20versions/NordicFiltersAdGuard.txt",
      "homepage" : "https://github.com/DandelionSprout/adfilt",
      "tags" : [ {
        "id" : 10,
        "keyword" : "recommended"
      }, {
        "id" : 1,
        "keyword" : "purpose:ads"
      }, {
        "id" : 4,
        "keyword" : "purpose:security"
      }, {
        "id" : 43,
        "keyword" : "lang:no"
      }, {
        "id" : 49,
        "keyword" : "lang:da"
      }, {
        "id" : 42,
        "keyword" : "lang:is"
      }, {
        "id" : 63,
        "keyword" : "lang:fo"
      } ],
      "lastTimeDownloaded" : 1658926918000,
      "enabled" : false,
      "trusted" : true
    },
    "relativePathToFilteringRules" : null
  }, {
    "meta" : {
      "id" : 5,
      "displayOrder" : 4,
      "name" : "AdGuard Experimental filter",
      "description" : "Filter designed to test certain hazardous filtering rules before they are added to the basic filters.",
      "version" : "2.0.1.2",
      "group" : "Other",
      "subscriptionUrl" : "https://filters.adtidy.org/android/filters/5_optimized.txt",
      "homepage" : "https://adguard.com/kb/general/ad-filtering/adguard-filters/",
      "tags" : [ {
        "id" : 45,
        "keyword" : "problematic"
      } ],
      "lastTimeDownloaded" : 1655652695000,
      "enabled" : false,
      "trusted" : true
    },
    "relativePathToFilteringRules" : null
  }, {
    "meta" : {
      "id" : 101,
      "displayOrder" : 3,
      "name" : "EasyList",
      "description" : "EasyList is the primary subscription that removes adverts from web pages in English. Already included in AdGuard Base filter.",
      "version" : "2.1.49.61",
      "group" : "Ads",
      "subscriptionUrl" : "https://easylist-downloads.adblockplus.org/easylist.txt",
      "homepage" : "https://github.com/easylist/easylist/",
      "tags" : [ {
        "id" : 1,
        "keyword" : "purpose:ads"
      } ],
      "lastTimeDownloaded" : 1751574963000,
      "enabled" : true,
      "trusted" : true
    },
    "relativePathToFilteringRules" : "/filters/filter_101.txt"
  }, {
    "meta" : {
      "id" : 216,
      "displayOrder" : 2,
      "name" : "Official Polish filters for AdBlock, uBlock Origin & AdGuard",
      "description" : "Additional filter list for websites in Polish.",
      "version" : "2.0.14.53",
      "group" : "Language",
      "subscriptionUrl" : "https://raw.githubusercontent.com/MajkiIT/polish-ads-filter/master/polish-adblock-filters/adblock.txt",
      "homepage" : "https://github.com/MajkiIT/polish-ads-filter#polish-filters-for-adblock-ublock-origin--adguard",
      "tags" : [ {
        "id" : 1,
        "keyword" : "purpose:ads"
      }, {
        "id" : 10,
        "keyword" : "recommended"
      }, {
        "id" : 41,
        "keyword" : "lang:pl"
      } ],
      "lastTimeDownloaded" : 1659042094000,
      "enabled" : false,
      "trusted" : true
    },
    "relativePathToFilteringRules" : null
  }, {
    "meta" : {
      "id" : 19,
      "displayOrder" : 2,
      "name" : "AdGuard Popups filter",
      "description" : "Blocks all kinds of pop-ups that are not necessary for websites' operation according to our Filter policy.",
      "version" : "2.0.58.13",
      "group" : "Annoyances",
      "subscriptionUrl" : "https://filters.adtidy.org/android/filters/19_optimized.txt",
      "homepage" : "https://adguard.com/kb/general/ad-filtering/adguard-filters/",
      "tags" : [ {
        "id" : 5,
        "keyword" : "purpose:annoyances"
      }, {
        "id" : 10,
        "keyword" : "recommended"
      } ],
      "lastTimeDownloaded" : 1751558909000,
      "enabled" : true,
      "trusted" : true
    },
    "relativePathToFilteringRules" : "/filters/filter_19.txt"
  }, {
    "meta" : {
      "id" : 1,
      "displayOrder" : 1,
      "name" : "AdGuard Russian filter",
      "description" : "Filter that enables ad blocking on websites in Russian language.",
      "version" : "2.1.0.37",
      "group" : "Language",
      "subscriptionUrl" : "https://filters.adtidy.org/android/filters/1_optimized.txt",
      "homepage" : "https://adguard.com/kb/general/ad-filtering/adguard-filters/",
      "tags" : [ {
        "id" : 1,
        "keyword" : "purpose:ads"
      }, {
        "id" : 8,
        "keyword" : "lang:ru"
      }, {
        "id" : 10,
        "keyword" : "recommended"
      } ],
      "lastTimeDownloaded" : 1751555231000,
      "enabled" : true,
      "trusted" : true
    },
    "relativePathToFilteringRules" : "/filters/filter_1.txt"
  }, {
    "meta" : {
      "id" : 9,
      "displayOrder" : 1,
      "name" : "AdGuard Spanish/Portuguese filter",
      "description" : "Filter list that specifically removes ads on websites in Spanish, Portuguese, and Brazilian Portuguese languages.",
      "version" : "2.0.30.67",
      "group" : "Language",
      "subscriptionUrl" : "https://filters.adtidy.org/android/filters/9_optimized.txt",
      "homepage" : "https://adguard.com/kb/general/ad-filtering/adguard-filters/",
      "tags" : [ {
        "id" : 1,
        "keyword" : "purpose:ads"
      }, {
        "id" : 10,
        "keyword" : "recommended"
      }, {
        "id" : 17,
        "keyword" : "lang:es"
      }, {
        "id" : 18,
        "keyword" : "lang:pt"
      } ],
      "lastTimeDownloaded" : 1751540829000,
      "enabled" : true,
      "trusted" : true
    },
    "relativePathToFilteringRules" : "/filters/filter_9.txt"
  }, {
    "meta" : {
      "id" : 208,
      "displayOrder" : 1,
      "name" : "Online Malicious URL Blocklist",
      "description" : "Blocks domains that are known to be used to propagate malware and spyware.",
      "version" : "2.1.2.53",
      "group" : "Security",
      "subscriptionUrl" : "https://urlhaus-filter.pages.dev/urlhaus-filter-ag-online.txt",
      "homepage" : "https://gitlab.com/malware-filter/urlhaus-filter#malicious-url-blocklist",
      "tags" : [ {
        "id" : 10,
        "keyword" : "recommended"
      }, {
        "id" : 4,
        "keyword" : "purpose:security"
      } ],
      "lastTimeDownloaded" : 1751546706000,
      "enabled" : true,
      "trusted" : true
    },
    "relativePathToFilteringRules" : "/filters/filter_208.txt"
  }, {
    "meta" : {
      "id" : 22,
      "displayOrder" : 2,
      "name" : "AdGuard Widgets filter",
      "description" : "Blocks annoying third-party widgets: online assistants, live support chats, etc.",
      "version" : "2.0.0.8",
      "group" : "Annoyances",
      "subscriptionUrl" : "https://filters.adtidy.org/android/filters/22_optimized.txt",
      "homepage" : "https://adguard.com/kb/general/ad-filtering/adguard-filters/",
      "tags" : [ {
        "id" : 5,
        "keyword" : "purpose:annoyances"
      }, {
        "id" : 10,
        "keyword" : "recommended"
      } ],
      "lastTimeDownloaded" : 1659042191000,
      "enabled" : false,
      "trusted" : true
    },
    "relativePathToFilteringRules" : "/filters/filter_22.txt"
  }, {
    "meta" : {
      "id" : 23,
      "displayOrder" : 1,
      "name" : "AdGuard Ukrainian filter",
      "description" : "Filter that enables ad blocking on websites in Ukrainian language.",
      "version" : "2.0.6.97",
      "group" : "Language",
      "subscriptionUrl" : "https://filters.adtidy.org/android/filters/23_optimized.txt",
      "homepage" : "https://adguard.com/kb/general/ad-filtering/adguard-filters/",
      "tags" : [ {
        "id" : 1,
        "keyword" : "purpose:ads"
      }, {
        "id" : 68,
        "keyword" : "lang:uk"
      }, {
        "id" : 10,
        "keyword" : "recommended"
      } ],
      "lastTimeDownloaded" : 1751314109000,
      "enabled" : true,
      "trusted" : true
    },
    "relativePathToFilteringRules" : "/filters/filter_23.txt"
  }, {
    "meta" : {
      "id" : 254,
      "displayOrder" : 2,
      "name" : "Macedonian adBlock Filters",
      "description" : "Blocks ads and trackers on various Macedonian websites.",
      "version" : "2.0.0.1",
      "group" : "Language",
      "subscriptionUrl" : "https://raw.githubusercontent.com/RandomAdversary/Macedonian-adBlock-Filters/master/Filters",
      "homepage" : "https://github.com/DeepSpaceHarbor/Macedonian-adBlock-Filters",
      "tags" : [ {
        "id" : 1,
        "keyword" : "purpose:ads"
      }, {
        "id" : 10,
        "keyword" : "recommended"
      }, {
        "id" : 71,
        "keyword" : "lang:mk"
      } ],
      "lastTimeDownloaded" : 1679576521000,
      "enabled" : false,
      "trusted" : true
    },
    "relativePathToFilteringRules" : null
  }, {
    "meta" : {
      "id" : 124,
      "displayOrder" : 2,
      "name" : "EasyList Portuguese",
      "description" : "Additional filter list for websites in Spanish and Portuguese.",
      "version" : "2.0.0.0",
      "group" : "Language",
      "subscriptionUrl" : "https://easylist-downloads.adblockplus.org/easylistportuguese.txt",
      "homepage" : "https://github.com/easylist/easylistportuguese",
      "tags" : [ {
        "id" : 1,
        "keyword" : "purpose:ads"
      }, {
        "id" : 17,
        "keyword" : "lang:es"
      }, {
        "id" : 18,
        "keyword" : "lang:pt"
      } ],
      "lastTimeDownloaded" : 1683711898000,
      "enabled" : false,
      "trusted" : true
    },
    "relativePathToFilteringRules" : null
  }, {
    "meta" : {
      "id" : 256,
      "displayOrder" : 1,
      "name" : "Scam Blocklist by DurableNapkin",
      "description" : "List for blocking untrustworthy websites.",
      "version" : "2.0.4.55",
      "group" : "Security",
      "subscriptionUrl" : "https://raw.githubusercontent.com/durablenapkin/scamblocklist/master/adguard.txt",
      "homepage" : "https://github.com/durablenapkin/scamblocklist",
      "tags" : [ {
        "id" : 4,
        "keyword" : "purpose:security"
      } ],
      "lastTimeDownloaded" : 1751532031000,
      "enabled" : true,
      "trusted" : true
    },
    "relativePathToFilteringRules" : "/filters/filter_256.txt"
  }, {
    "meta" : {
      "id" : 257,
      "displayOrder" : 1,
      "name" : "uBlock Origin – Badware risks",
      "description" : "Filter for risky sites, warning users of potential threats.",
      "version" : "2.0.7.85",
      "group" : "Security",
      "subscriptionUrl" : "https://raw.githubusercontent.com/uBlockOrigin/uAssets/master/filters/badware.txt",
      "homepage" : "https://github.com/uBlockOrigin/uAssets/",
      "tags" : [ {
        "id" : 4,
        "keyword" : "purpose:security"
      } ],
      "lastTimeDownloaded" : 1751560855000,
      "enabled" : true,
      "trusted" : true
    },
    "relativePathToFilteringRules" : "/filters/filter_257.txt"
  }, {
    "meta" : {
      "id" : 258,
      "displayOrder" : 2,
      "name" : "uBlock Origin – Block Outsider Intrusion into LAN",
      "description" : "Prevents public Internet sites from digging into your LAN files.",
      "version" : "2.0.0.10",
      "group" : "Language",
      "subscriptionUrl" : "https://ublockorigin.github.io/uAssetsCDN/filters/lan-block.txt",
      "homepage" : "https://github.com/uBlockOrigin/uAssets",
      "tags" : [ {
        "id" : 2,
        "keyword" : "purpose:privacy"
      } ],
      "lastTimeDownloaded" : 1750092028000,
      "enabled" : false,
      "trusted" : true
    },
    "relativePathToFilteringRules" : null
  }, {
    "meta" : {
      "id" : 255,
      "displayOrder" : 1,
      "name" : "Phishing URL Blocklist",
      "description" : "Phishing URL blocklist for uBlock Origin (uBO), AdGuard, Vivaldi, Pi-hole, Hosts file, Dnsmasq, BIND, Unbound, Snort and Suricata.",
      "version" : "2.0.8.84",
      "group" : "Security",
      "subscriptionUrl" : "https://malware-filter.gitlab.io/malware-filter/phishing-filter-ag.txt",
      "homepage" : "https://gitlab.com/malware-filter/phishing-filter",
      "tags" : [ {
        "id" : 4,
        "keyword" : "purpose:security"
      } ],
      "lastTimeDownloaded" : 1751546738000,
      "enabled" : true,
      "trusted" : true
    },
    "relativePathToFilteringRules" : "/filters/filter_255.txt"
  }, {
    "meta" : {
      "id" : 10000,
      "displayOrder" : 0,
      "name" : "Adaway",
      "description" : "",
      "version" : "",
      "group" : "Custom",
      "subscriptionUrl" : "https://adaway.org/hosts.txt",
      "homepage" : "",
      "tags" : [ ],
      "lastTimeDownloaded" : 1750992877287,
      "enabled" : true,
      "trusted" : true
    },
    "relativePathToFilteringRules" : "/filters/filter_10000.txt"
  }, {
    "meta" : {
      "id" : 10001,
      "displayOrder" : 0,
      "name" : "OISD Blocklist Big",
      "description" : "List for blocking ads and trackers. Prioritizes functionality over blocking. Risks of incorrect blocking are higher than in the small version of OISD Blocklist.",
      "version" : "1.0.67.28",
      "group" : "Custom",
      "subscriptionUrl" : "https://adguardteam.github.io/HostlistsRegistry/assets/filter_27.txt",
      "homepage" : "https://oisd.nl/",
      "tags" : [ ],
      "lastTimeDownloaded" : 1751585784170,
      "enabled" : true,
      "trusted" : true
    },
    "relativePathToFilteringRules" : "/filters/filter_10001.txt"
  }, {
    "meta" : {
      "id" : 10002,
      "displayOrder" : 0,
      "name" : "Steven Black's List",
      "description" : "Unified hosts file (adware + malware).",
      "version" : "1.0.15.49",
      "group" : "Custom",
      "subscriptionUrl" : "https://adguardteam.github.io/HostlistsRegistry/assets/filter_33.txt",
      "homepage" : "https://github.com/StevenBlack/hosts",
      "tags" : [ ],
      "lastTimeDownloaded" : 1751585784623,
      "enabled" : true,
      "trusted" : true
    },
    "relativePathToFilteringRules" : "/filters/filter_10002.txt"
  }, {
    "meta" : {
      "id" : 10003,
      "displayOrder" : 0,
      "name" : "Personal Filter List",
      "description" : "Recommended Filtering",
      "version" : "",
      "group" : "Custom",
      "subscriptionUrl" : "https://raw.githubusercontent.com/TogoFire-Home/AD-Settings/refs/heads/main/Filters/filter.txt",
      "homepage" : "https://github.com/TogoFire-Home/AD-Settings",
      "tags" : [ ],
      "lastTimeDownloaded" : 1750992936658,
      "enabled" : true,
      "trusted" : true
    },
    "relativePathToFilteringRules" : "/filters/filter_10003.txt"
  }, {
    "meta" : {
      "id" : 10004,
      "displayOrder" : 0,
      "name" : "The Big List of Hacked Malware Web Sites",
      "description" : "List of websites that are hacked with malware, ransomware or trojans",
      "version" : "1.0.14.52",
      "group" : "Custom",
      "subscriptionUrl" : "https://adguardteam.github.io/HostlistsRegistry/assets/filter_9.txt",
      "homepage" : "https://github.com/mitchellkrogza/The-Big-List-of-Hacked-Malware-Web-Sites",
      "tags" : [ ],
      "lastTimeDownloaded" : 1750992960415,
      "enabled" : true,
      "trusted" : true
    },
    "relativePathToFilteringRules" : "/filters/filter_10004.txt"
  }, {
    "meta" : {
      "id" : 10005,
      "displayOrder" : 0,
      "name" : "Phishing URL Blocklist (PhishTank and OpenPhish)",
      "description" : "Blocklist of phishing websites, based on PhishTank and OpenPhish lists",
      "version" : "1.0.20.49",
      "group" : "Custom",
      "subscriptionUrl" : "https://adguardteam.github.io/HostlistsRegistry/assets/filter_30.txt",
      "homepage" : "https://gitlab.com/malware-filter/phishing-filter",
      "tags" : [ ],
      "lastTimeDownloaded" : 1751553157444,
      "enabled" : true,
      "trusted" : true
    },
    "relativePathToFilteringRules" : "/filters/filter_10005.txt"
  }, {
    "meta" : {
      "id" : 10006,
      "displayOrder" : 0,
      "name" : "Phishing Army",
      "description" : "The Blocklist to filter Phishing domains!",
      "version" : "1.0.26.69",
      "group" : "Custom",
      "subscriptionUrl" : "https://adguardteam.github.io/HostlistsRegistry/assets/filter_18.txt",
      "homepage" : "https://phishing.army/",
      "tags" : [ ],
      "lastTimeDownloaded" : 1751323810888,
      "enabled" : false,
      "trusted" : true
    },
    "relativePathToFilteringRules" : "/filters/filter_10006.txt"
  }, {
    "meta" : {
      "id" : 10007,
      "displayOrder" : 0,
      "name" : "NoCoin Filter List",
      "description" : "List for blocking browser-based crypto mining",
      "version" : "1.0.14.54",
      "group" : "Custom",
      "subscriptionUrl" : "https://adguardteam.github.io/HostlistsRegistry/assets/filter_8.txt",
      "homepage" : "https://github.com/hoshsadiq/adblock-nocoin-list/",
      "tags" : [ ],
      "lastTimeDownloaded" : 1750993014713,
      "enabled" : true,
      "trusted" : true
    },
    "relativePathToFilteringRules" : "/filters/filter_10007.txt"
  }, {
    "meta" : {
      "id" : 10008,
      "displayOrder" : 0,
      "name" : "Dandelion Sprout's Anti-Malware List",
      "description" : "Dandelion Sprout's Anti-Malware List (DNS filtering in AdGuard Home, AdGuard for Android, and AdGuard for Windows)",
      "version" : "1.0.14.92",
      "group" : "Custom",
      "subscriptionUrl" : "https://adguardteam.github.io/HostlistsRegistry/assets/filter_12.txt",
      "homepage" : "https://github.com/DandelionSprout/adfilt",
      "tags" : [ ],
      "lastTimeDownloaded" : 1751247809278,
      "enabled" : true,
      "trusted" : true
    },
    "relativePathToFilteringRules" : "/filters/filter_10008.txt"
  }, {
    "meta" : {
      "id" : 10009,
      "displayOrder" : 0,
      "name" : "ShadowWhisperer's Dating List",
      "description" : "Blocks dating websites.",
      "version" : "1.0.14.78",
      "group" : "Custom",
      "subscriptionUrl" : "https://adguardteam.github.io/HostlistsRegistry/assets/filter_57.txt",
      "homepage" : "https://github.com/ShadowWhisperer/BlockLists",
      "tags" : [ ],
      "lastTimeDownloaded" : 1750993039940,
      "enabled" : true,
      "trusted" : true
    },
    "relativePathToFilteringRules" : "/filters/filter_10009.txt"
  }, {
    "meta" : {
      "id" : 10010,
      "displayOrder" : 0,
      "name" : "GoodbyeAds-Xiaomi-AdBlock",
      "description" : "",
      "version" : "",
      "group" : "Custom",
      "subscriptionUrl" : "https://raw.githubusercontent.com/jerryn70/GoodbyeAds/master/Extension/GoodbyeAds-Xiaomi-Extension.txt",
      "homepage" : "",
      "tags" : [ ],
      "lastTimeDownloaded" : 1750993090077,
      "enabled" : false,
      "trusted" : true
    },
    "relativePathToFilteringRules" : "/filters/filter_10010.txt"
  }, {
    "meta" : {
      "id" : 10011,
      "displayOrder" : 0,
      "name" : "GoodbyeAds-Samsung-AdBlock",
      "description" : "",
      "version" : "",
      "group" : "Custom",
      "subscriptionUrl" : "https://raw.githubusercontent.com/jerryn70/GoodbyeAds/master/Extension/GoodbyeAds-Samsung-AdBlock.txt",
      "homepage" : "",
      "tags" : [ ],
      "lastTimeDownloaded" : 1750993106816,
      "enabled" : false,
      "trusted" : true
    },
    "relativePathToFilteringRules" : "/filters/filter_10011.txt"
  }, {
    "meta" : {
      "id" : 10012,
      "displayOrder" : 0,
      "name" : "Anti-Clutter by Alex Silva",
      "description" : "Lista de filtros contra anti-adblock, paywall, pop-ups e outros anúncios de sites de nacionais e internacionais.",
      "version" : "",
      "group" : "Custom",
      "subscriptionUrl" : "https://raw.githubusercontent.com/ialexsilva/anti-clutter/master/filter/anticlutter.txt",
      "homepage" : "https://github.com/ialexsilva/anti-clutter",
      "tags" : [ ],
      "lastTimeDownloaded" : 1750993162417,
      "enabled" : true,
      "trusted" : true
    },
    "relativePathToFilteringRules" : "/filters/filter_10012.txt"
  }, {
    "meta" : {
      "id" : 10013,
      "displayOrder" : 0,
      "name" : "anti-AD for AdGuard",
      "description" : "",
      "version" : "20250701184735657811199",
      "group" : "Custom",
      "subscriptionUrl" : "https://anti-ad.net/adguard.txt",
      "homepage" : "https://anti-ad.net/",
      "tags" : [ ],
      "lastTimeDownloaded" : 1751461799026,
      "enabled" : true,
      "trusted" : true
    },
    "relativePathToFilteringRules" : "/filters/filter_10013.txt"
  }, {
    "meta" : {
      "id" : 10014,
      "displayOrder" : 0,
      "name" : "Anti APKMirror Ads and Countdown",
      "description" : "",
      "version" : "202211101659",
      "group" : "Custom",
      "subscriptionUrl" : "https://raw.githubusercontent.com/kowith337/PersonalFilterListCollection/master/filterlist/specific/AntiAPKMirrorCountdown.txt",
      "homepage" : "https://github.com/kowith337/PersonalFilterListCollection",
      "tags" : [ ],
      "lastTimeDownloaded" : 1750993208961,
      "enabled" : true,
      "trusted" : true
    },
    "relativePathToFilteringRules" : "/filters/filter_10014.txt"
  }, {
    "meta" : {
      "id" : 10015,
      "displayOrder" : 0,
      "name" : "ABPVN List",
      "description" : "",
      "version" : "20250703120818110",
      "group" : "Custom",
      "subscriptionUrl" : "https://abpvn.com/filter/abpvn-fN2BbD.txt?adguard",
      "homepage" : "https://abpvn.com/",
      "tags" : [ ],
      "lastTimeDownloaded" : 1751526342285,
      "enabled" : true,
      "trusted" : true
    },
    "relativePathToFilteringRules" : "/filters/filter_10015.txt"
  }, {
    "meta" : {
      "id" : 10016,
      "displayOrder" : 0,
      "name" : "Brave Unbreak",
      "description" : "",
      "version" : "",
      "group" : "Custom",
      "subscriptionUrl" : "https://raw.githubusercontent.com/brave/adblock-lists/master/brave-unbreak.txt",
      "homepage" : "",
      "tags" : [ ],
      "lastTimeDownloaded" : 1750993270944,
      "enabled" : true,
      "trusted" : true
    },
    "relativePathToFilteringRules" : "/filters/filter_10016.txt"
  }, {
    "meta" : {
      "id" : 10017,
      "displayOrder" : 0,
      "name" : "AdGuard Home Whitelist",
      "description" : "Recommended Whitelist Filtering",
      "version" : "",
      "group" : "Custom",
      "subscriptionUrl" : "https://raw.githubusercontent.com/TogoFire-Home/AD-Settings/main/Filters/whitelist.txt",
      "homepage" : "https://github.com/TogoFire-Home/AD-Settings",
      "tags" : [ ],
      "lastTimeDownloaded" : 1751461803018,
      "enabled" : true,
      "trusted" : true
    },
    "relativePathToFilteringRules" : "/filters/filter_10017.txt"
  }, {
    "meta" : {
      "id" : 10018,
      "displayOrder" : 0,
      "name" : "HL2 Whitelist",
      "description" : "",
      "version" : "",
      "group" : "Custom",
      "subscriptionUrl" : "https://raw.githubusercontent.com/hl2guide/AdGuard-Home-Whitelist/main/whitelist.txt",
      "homepage" : "",
      "tags" : [ ],
      "lastTimeDownloaded" : 1750993314114,
      "enabled" : true,
      "trusted" : true
    },
    "relativePathToFilteringRules" : "/filters/filter_10018.txt"
  }, {
    "meta" : {
      "id" : 10021,
      "displayOrder" : 0,
      "name" : "Easylist Allowlist",
      "description" : "",
      "version" : "",
      "group" : "Custom",
      "subscriptionUrl" : "https://raw.githubusercontent.com/easylist/easylist/refs/heads/master/easylist/easylist_allowlist.txt",
      "homepage" : "",
      "tags" : [ ],
      "lastTimeDownloaded" : 1751392407200,
      "enabled" : true,
      "trusted" : true
    },
    "relativePathToFilteringRules" : "/filters/filter_10021.txt"
  }, {
    "meta" : {
      "id" : 10022,
      "displayOrder" : 0,
      "name" : "ADS Mochi DNS Filter Abroad - もちフィルタ（広告ブロック）",
      "description" : "",
      "version" : "",
      "group" : "Custom",
      "subscriptionUrl" : "https://raw.githubusercontent.com/eEIi0A5L/adblock_filter/master/mochi_filter.txt",
      "homepage" : "https://eeii0a5l.github.io/mochifilter_homepage/mochi.html",
      "tags" : [ ],
      "lastTimeDownloaded" : 1750993481182,
      "enabled" : true,
      "trusted" : true
    },
    "relativePathToFilteringRules" : "/filters/filter_10022.txt"
  }, {
    "meta" : {
      "id" : 10023,
      "displayOrder" : 0,
      "name" : "HaGeZi's Xiaomi Tracker DNS Blocklist",
      "description" : "Blocks Xiaomi native broadband tracker that track your activity.",
      "version" : "2025.0620.1556.35",
      "group" : "Custom",
      "subscriptionUrl" : "https://raw.githubusercontent.com/hagezi/dns-blocklists/refs/heads/main/adblock/native.xiaomi.txt",
      "homepage" : "https://github.com/hagezi/dns-blocklists",
      "tags" : [ ],
      "lastTimeDownloaded" : 1750996987662,
      "enabled" : false,
      "trusted" : true
    },
    "relativePathToFilteringRules" : "/filters/filter_10023.txt"
  }, {
    "meta" : {
      "id" : 10024,
      "displayOrder" : 0,
      "name" : "HaGeZi's OPPO & Realme Tracker DNS Blocklist",
      "description" : "Blocks OPPO & Realme native broadband tracker that track your activity.",
      "version" : "2025.0612.1300.03",
      "group" : "Custom",
      "subscriptionUrl" : "https://raw.githubusercontent.com/hagezi/dns-blocklists/refs/heads/main/adblock/native.oppo-realme.txt",
      "homepage" : "https://github.com/hagezi/dns-blocklists",
      "tags" : [ ],
      "lastTimeDownloaded" : 1750997011436,
      "enabled" : false,
      "trusted" : true
    },
    "relativePathToFilteringRules" : "/filters/filter_10024.txt"
  }, {
    "meta" : {
      "id" : 10025,
      "displayOrder" : 0,
      "name" : "HaGeZi's Huawei Tracker DNS Blocklist",
      "description" : "Blocks Huawei native broadband tracker that track your activity.",
      "version" : "2025.0623.1433.47",
      "group" : "Custom",
      "subscriptionUrl" : "https://raw.githubusercontent.com/hagezi/dns-blocklists/refs/heads/main/adblock/native.huawei.txt",
      "homepage" : "https://github.com/hagezi/dns-blocklists",
      "tags" : [ ],
      "lastTimeDownloaded" : 1750997143520,
      "enabled" : false,
      "trusted" : true
    },
    "relativePathToFilteringRules" : "/filters/filter_10025.txt"
  }, {
    "meta" : {
      "id" : 10026,
      "displayOrder" : 0,
      "name" : "HaGeZi's Vivo Tracker DNS Blocklist",
      "description" : "Blocks Vivo native broadband tracker that track your activity.",
      "version" : "2025.0612.1259.26",
      "group" : "Custom",
      "subscriptionUrl" : "https://raw.githubusercontent.com/hagezi/dns-blocklists/refs/heads/main/adblock/native.vivo.txt",
      "homepage" : "https://github.com/hagezi/dns-blocklists",
      "tags" : [ ],
      "lastTimeDownloaded" : 1750997173642,
      "enabled" : false,
      "trusted" : true
    },
    "relativePathToFilteringRules" : "/filters/filter_10026.txt"
  }, {
    "meta" : {
      "id" : 10027,
      "displayOrder" : 0,
      "name" : "HaGeZi's Samsung Tracker DNS Blocklist",
      "description" : "Blocks Samsung native broadband tracker that track your activity.",
      "version" : "2025.0616.1258.12",
      "group" : "Custom",
      "subscriptionUrl" : "https://raw.githubusercontent.com/hagezi/dns-blocklists/refs/heads/main/adblock/native.samsung.txt",
      "homepage" : "https://github.com/hagezi/dns-blocklists",
      "tags" : [ ],
      "lastTimeDownloaded" : 1750997192570,
      "enabled" : false,
      "trusted" : true
    },
    "relativePathToFilteringRules" : "/filters/filter_10027.txt"
  }, {
    "meta" : {
      "id" : 10028,
      "displayOrder" : 0,
      "name" : "HaGeZi's Pro DNS Blocklist",
      "description" : "Big broom - Cleans the Internet and protects your privacy! Blocks Ads, Affiliate, Tracking, Metrics, Telemetry, Phishing, Malware, Scam, Fake, Crytojacking and other \"Crap\".",
      "version" : "2025.0703.1926.57",
      "group" : "Custom",
      "subscriptionUrl" : "https://raw.githubusercontent.com/hagezi/dns-blocklists/refs/heads/main/adblock/pro.txt",
      "homepage" : "https://github.com/hagezi/dns-blocklists",
      "tags" : [ ],
      "lastTimeDownloaded" : 1751585789932,
      "enabled" : true,
      "trusted" : true
    },
    "relativePathToFilteringRules" : "/filters/filter_10028.txt"
  }, {
    "meta" : {
      "id" : 10029,
      "displayOrder" : 0,
      "name" : "HaGeZi's safesearch not supported DNS Blocklist",
      "description" : "Prevents the use of search engines that do not support safesearch.",
      "version" : "2025.0620.2301.25",
      "group" : "Custom",
      "subscriptionUrl" : "https://raw.githubusercontent.com/hagezi/dns-blocklists/refs/heads/main/adblock/nosafesearch.txt",
      "homepage" : "https://github.com/hagezi/dns-blocklists",
      "tags" : [ ],
      "lastTimeDownloaded" : 1750997292011,
      "enabled" : false,
      "trusted" : true
    },
    "relativePathToFilteringRules" : "/filters/filter_10029.txt"
  }, {
    "meta" : {
      "id" : 10030,
      "displayOrder" : 0,
      "name" : "HaGeZi's Allowlist URL Shortener",
      "description" : "This list unblocks url shortener.",
      "version" : "2025.0703.1845.30",
      "group" : "Custom",
      "subscriptionUrl" : "https://raw.githubusercontent.com/hagezi/dns-blocklists/refs/heads/main/adblock/whitelist-urlshortener.txt",
      "homepage" : "https://github.com/hagezi/dns-blocklists",
      "tags" : [ ],
      "lastTimeDownloaded" : 1751585790035,
      "enabled" : true,
      "trusted" : true
    },
    "relativePathToFilteringRules" : "/filters/filter_10030.txt"
  }, {
    "meta" : {
      "id" : 10031,
      "displayOrder" : 0,
      "name" : "HaGeZi's Allowlist Referral",
      "description" : "This list unblocks affiliate & tracking referral links that appear in mails, search results etc.",
      "version" : "2025.0625.1410.12",
      "group" : "Custom",
      "subscriptionUrl" : "https://raw.githubusercontent.com/hagezi/dns-blocklists/refs/heads/main/adblock/whitelist-referral-native.txt",
      "homepage" : "https://github.com/hagezi/dns-blocklists",
      "tags" : [ ],
      "lastTimeDownloaded" : 1751036946024,
      "enabled" : false,
      "trusted" : true
    },
    "relativePathToFilteringRules" : "/filters/filter_10031.txt"
  }, {
    "meta" : {
      "id" : 10032,
      "displayOrder" : 0,
      "name" : "Regexp Whitelist",
      "description" : "",
      "version" : "",
      "group" : "Custom",
      "subscriptionUrl" : "https://raw.githubusercontent.com/swetoast/adguardhome-lists/refs/heads/main/whitelist.txt",
      "homepage" : "",
      "tags" : [ ],
      "lastTimeDownloaded" : 1751392238086,
      "enabled" : true,
      "trusted" : true
    },
    "relativePathToFilteringRules" : "/filters/filter_10032.txt"
  }, {
    "meta" : {
      "id" : 10020,
      "displayOrder" : 0,
      "name" : "Torrent tracker domains blocklist",
      "description" : "",
      "version" : "",
      "group" : "Custom",
      "subscriptionUrl" : "https://raw.githubusercontent.com/im-sm/Pi-hole-Torrent-Blocklist/main/all-torrent-trackres.txt",
      "homepage" : "",
      "tags" : [ ],
      "lastTimeDownloaded" : 1751553165900,
      "enabled" : true,
      "trusted" : true
    },
    "relativePathToFilteringRules" : "/filters/filter_10020.txt"
  } ],
  "DnsEnableServfailOnUpstreamsFailure" : true,
  "FilterSecureDnsType" : "FilterOnTheFly",
  "AnnoyancesAndSocialFilters" : [ {
    "meta" : {
      "id" : 14,
      "displayOrder" : 1,
      "name" : "AdGuard Annoyances filter",
      "description" : "Blocks irritating elements on web pages including cookie notices, third-party widgets and in-page pop-ups. Contains the following AdGuard filters: Cookie Notices, Popups, Mobile App Banners, Other Annoyances and Widgets.",
      "version" : "2.1.27.90",
      "group" : "Annoyances",
      "subscriptionUrl" : "https://filters.adtidy.org/android/filters/14_optimized.txt",
      "homepage" : "https://adguard.com/kb/general/ad-filtering/adguard-filters/",
      "tags" : [ {
        "id" : 5,
        "keyword" : "purpose:annoyances"
      } ],
      "lastTimeDownloaded" : 1659094244000,
      "enabled" : false,
      "trusted" : true
    },
    "relativePathToFilteringRules" : "/filters/filter_14.txt"
  }, {
    "meta" : {
      "id" : 207,
      "displayOrder" : 3,
      "name" : "Adblock Warning Removal List",
      "description" : "Removes anti-adblock warnings and other obtrusive messages.",
      "version" : "2.1.12.4",
      "group" : "Annoyances",
      "subscriptionUrl" : "https://easylist-downloads.adblockplus.org/antiadblockfilters.txt",
      "homepage" : "https://github.com/easylist/antiadblockfilters/",
      "tags" : [ {
        "id" : 50,
        "keyword" : "purpose:antiadblock"
      } ],
      "lastTimeDownloaded" : 1659085271000,
      "enabled" : false,
      "trusted" : true
    },
    "relativePathToFilteringRules" : "/filters/filter_207.txt"
  }, {
    "meta" : {
      "id" : 250,
      "displayOrder" : 100,
      "name" : "Dandelion Sprout's Annoyances List",
      "description" : "This list is made in the style of AdGuard's and Fanboy's annoyances lists. It combines many of Dandelion Sprout's proudest and most frequently maintained international lists, as a curated compilation for simplicity's sake.",
      "version" : "2.0.17.38",
      "group" : "Annoyances",
      "subscriptionUrl" : "https://raw.githubusercontent.com/DandelionSprout/adfilt/master/AnnoyancesList",
      "homepage" : "https://github.com/DandelionSprout/adfilt",
      "tags" : [ {
        "id" : 5,
        "keyword" : "purpose:annoyances"
      } ],
      "lastTimeDownloaded" : 1751402232000,
      "enabled" : true,
      "trusted" : true
    },
    "relativePathToFilteringRules" : "/filters/filter_250.txt"
  }, {
    "meta" : {
      "id" : 122,
      "displayOrder" : 100,
      "name" : "Fanboy's Annoyances",
      "description" : "Removes in-page pop-ups and other annoyances. Includes Fanboy's Social Blocking & EasyList Cookie Lists.",
      "version" : "2.0.92.16",
      "group" : "Annoyances",
      "subscriptionUrl" : "https://secure.fanboy.co.nz/fanboy-annoyance_ubo.txt",
      "homepage" : "https://github.com/easylist/easylist/",
      "tags" : [ {
        "id" : 5,
        "keyword" : "purpose:annoyances"
      } ],
      "lastTimeDownloaded" : 1659085260000,
      "enabled" : false,
      "trusted" : true
    },
    "relativePathToFilteringRules" : "/filters/filter_122.txt"
  }, {
    "meta" : {
      "id" : 241,
      "displayOrder" : 100,
      "name" : "EasyList Cookie List",
      "description" : "Removes cookie and privacy warnings. Already included in Fanboy's Annoyances list.",
      "version" : "2.1.55.61",
      "group" : "Annoyances",
      "subscriptionUrl" : "https://www.fanboy.co.nz/fanboy-cookiemonster.txt",
      "homepage" : "https://github.com/easylist/easylist/",
      "tags" : [ {
        "id" : 6,
        "keyword" : "purpose:cookies"
      } ],
      "lastTimeDownloaded" : 1751575004000,
      "enabled" : true,
      "trusted" : true
    },
    "relativePathToFilteringRules" : "/filters/filter_241.txt"
  }, {
    "meta" : {
      "id" : 21,
      "displayOrder" : 2,
      "name" : "AdGuard Other Annoyances filter",
      "description" : "Blocks irritating elements on web pages that do not fall under the popular categories of annoyances.",
      "version" : "2.0.0.18",
      "group" : "Annoyances",
      "subscriptionUrl" : "https://filters.adtidy.org/android/filters/21_optimized.txt",
      "homepage" : "https://adguard.com/kb/general/ad-filtering/adguard-filters/",
      "tags" : [ {
        "id" : 5,
        "keyword" : "purpose:annoyances"
      }, {
        "id" : 10,
        "keyword" : "recommended"
      } ],
      "lastTimeDownloaded" : 1658999023000,
      "enabled" : false,
      "trusted" : true
    },
    "relativePathToFilteringRules" : "/filters/filter_21.txt"
  }, {
    "meta" : {
      "id" : 18,
      "displayOrder" : 2,
      "name" : "AdGuard Cookie Notices filter",
      "description" : "Blocks cookie notices on web pages.",
      "version" : "2.0.65.17",
      "group" : "Annoyances",
      "subscriptionUrl" : "https://filters.adtidy.org/android/filters/18_optimized.txt",
      "homepage" : "https://adguard.com/kb/general/ad-filtering/adguard-filters/",
      "tags" : [ {
        "id" : 5,
        "keyword" : "purpose:annoyances"
      }, {
        "id" : 10,
        "keyword" : "recommended"
      } ],
      "lastTimeDownloaded" : 1751580432000,
      "enabled" : true,
      "trusted" : true
    },
    "relativePathToFilteringRules" : "/filters/filter_18.txt"
  }, {
    "meta" : {
      "id" : 20,
      "displayOrder" : 2,
      "name" : "AdGuard Mobile App Banners filter",
      "description" : "Blocks irritating banners that promote mobile apps of websites.",
      "version" : "2.0.22.17",
      "group" : "Annoyances",
      "subscriptionUrl" : "https://filters.adtidy.org/android/filters/20_optimized.txt",
      "homepage" : "https://adguard.com/kb/general/ad-filtering/adguard-filters/",
      "tags" : [ {
        "id" : 5,
        "keyword" : "purpose:annoyances"
      }, {
        "id" : 10,
        "keyword" : "recommended"
      } ],
      "lastTimeDownloaded" : 1751544720000,
      "enabled" : true,
      "trusted" : true
    },
    "relativePathToFilteringRules" : "/filters/filter_20.txt"
  }, {
    "meta" : {
      "id" : 19,
      "displayOrder" : 2,
      "name" : "AdGuard Popups filter",
      "description" : "Blocks all kinds of pop-ups that are not necessary for websites' operation according to our Filter policy.",
      "version" : "2.0.58.13",
      "group" : "Annoyances",
      "subscriptionUrl" : "https://filters.adtidy.org/android/filters/19_optimized.txt",
      "homepage" : "https://adguard.com/kb/general/ad-filtering/adguard-filters/",
      "tags" : [ {
        "id" : 5,
        "keyword" : "purpose:annoyances"
      }, {
        "id" : 10,
        "keyword" : "recommended"
      } ],
      "lastTimeDownloaded" : 1751558909000,
      "enabled" : true,
      "trusted" : true
    },
    "relativePathToFilteringRules" : "/filters/filter_19.txt"
  }, {
    "meta" : {
      "id" : 22,
      "displayOrder" : 2,
      "name" : "AdGuard Widgets filter",
      "description" : "Blocks annoying third-party widgets: online assistants, live support chats, etc.",
      "version" : "2.0.0.8",
      "group" : "Annoyances",
      "subscriptionUrl" : "https://filters.adtidy.org/android/filters/22_optimized.txt",
      "homepage" : "https://adguard.com/kb/general/ad-filtering/adguard-filters/",
      "tags" : [ {
        "id" : 5,
        "keyword" : "purpose:annoyances"
      }, {
        "id" : 10,
        "keyword" : "recommended"
      } ],
      "lastTimeDownloaded" : 1659042191000,
      "enabled" : false,
      "trusted" : true
    },
    "relativePathToFilteringRules" : "/filters/filter_22.txt"
  }, {
    "meta" : {
      "id" : 123,
      "displayOrder" : 2,
      "name" : "Fanboy's Social Blocking List",
      "description" : "Hides and blocks social content, social widgets, social scripts and social icons. Already included in Fanboy's Annoyances list.",
      "version" : "2.0.91.99",
      "group" : "Social",
      "subscriptionUrl" : "https://easylist-downloads.adblockplus.org/fanboy-social.txt",
      "homepage" : "https://github.com/easylist/easylist/",
      "tags" : [ {
        "id" : 3,
        "keyword" : "purpose:social"
      } ],
      "lastTimeDownloaded" : 1659085264000,
      "enabled" : false,
      "trusted" : true
    },
    "relativePathToFilteringRules" : "/filters/filter_123.txt"
  }, {
    "meta" : {
      "id" : 4,
      "displayOrder" : 1,
      "name" : "AdGuard Social Media filter",
      "description" : "Filter for social media widgets such as 'Like' and 'Share' buttons and more.",
      "version" : "2.1.16.77",
      "group" : "Social",
      "subscriptionUrl" : "https://filters.adtidy.org/android/filters/4_optimized.txt",
      "homepage" : "https://adguard.com/kb/general/ad-filtering/adguard-filters/",
      "tags" : [ {
        "id" : 3,
        "keyword" : "purpose:social"
      }, {
        "id" : 10,
        "keyword" : "recommended"
      } ],
      "lastTimeDownloaded" : 1751580412000,
      "enabled" : true,
      "trusted" : true
    },
    "relativePathToFilteringRules" : "/filters/filter_4.txt"
  } ],
  "AdBlockingPermissionsList" : {
    "com.paypal.android.p2pmobile" : false,
    "org.mozilla.firefox" : null,
    "de.blinkt.openvpn" : null,
    "com.santander.app" : null,
    "ch.threema.app" : null,
    "com.android.vending" : true,
    "com.google.android.apps.maps" : true,
    "com.google.android.projection.gearhead" : null,
    "com.android.captiveportallogin" : null,
    "com.qualcomm.qti.cne" : null,
    "com.twitter.android" : null,
    "com.brave.browser" : null,
    "com.mycompany.app.soulbrowser" : null,
    "com.google.android.inputmethod.latin" : true
  },
  "RequestTimeout" : 5000,
  "DetectSearchDomains" : false,
  "BlockedResponseTtlSecs" : 3600,
  "HostsRulesBlockingMode" : "NXDOMAIN",
  "BootstrapUpstreams" : [ ],
  "DnsBlockEch" : false,
  "DnsBootstrapUpstreamsType" : "Automatic",
  "CustomBlockingIpv6" : "",
  "CustomBlockingIpv4" : "",
  "CustomServers" : [ ],
  "FallbackDomains" : [ "*.local", "*.lan", "lb._dns-sd._udp.*.in-addr.arpa", "epdg.epc.aptg.com.tw", "epdg.epc.att.net", "epdg.mobileone.net.sg", "primgw.vowifina.spcsdns.net", "swu-loopback-epdg.qualcomm.com", "vowifi.jio.com", "weconnect.globe.com.ph", "wlan.three.com.hk", "wo.vzwwo.com", "epdg.epc.*.pub.3gppnetwork.org", "ss.epdg.epc.*.pub.3gppnetwork.org", "dengon.docomo.ne.jp", "dlinkap", "dlinkrouter", "edimax.setup", "fritz.box", "gateway.2wire.net", "miwifi.com", "my.firewall", "my.keenetic.net", "netis.cc", "pocket.wifi", "router.asus.com", "repeater.asus.com", "routerlogin.com", "routerlogin.net", "tendawifi.com", "tendawifi.net", "tplinklogin.net", "tplinkwifi.net", "tplinkrepeater.net", "oppowifi.com", "myrepeater.net", "mywifi.net", "setup.pix-link.net", "tplinkdeco.net", "tplinkextender.net", "www.asusrouter.com" ],
  "DisabledUserRules" : [ ],
  "SelectedNetworkTypeForDataUsageOnStatisticsScreen" : "Any",
  "FallbackUpstreamsType" : "Automatic",
  "AllAllowListRules" : "",
  "DnsFilteringEnabled" : true,
  "IncreaseFirstPacketSize" : false,
  "UserFiltersEnabled" : true,
  "FilterSecureDnsEnabled" : true,
  "SelectedStatisticsDatePeriod" : "AllTime",
  "SelectedNetworkTypeForDnsOnStatisticsScreen" : "Any",
  "HideSearchQuery" : false,
  "DnsEnableUpstreamsValidation" : true,
  "DnsModuleEnabled" : true,
  "TrafficFilteringPermissionsList" : {
    "com.paypal.android.p2pmobile" : true,
    "org.mozilla.firefox" : null,
    "de.blinkt.openvpn" : false,
    "com.santander.app" : null,
    "ch.threema.app" : null,
    "com.android.vending" : false,
    "com.google.android.apps.maps" : true,
    "com.google.android.projection.gearhead" : false,
    "com.android.captiveportallogin" : false,
    "com.qualcomm.qti.cne" : false,
    "com.twitter.android" : null,
    "com.brave.browser" : null,
    "com.mycompany.app.soulbrowser" : null,
    "com.google.android.inputmethod.latin" : true
  },
  "DnsUserFiltersEnabled" : true,
  "SelectedStatisticsSortedByForApplications" : "MostBlocked",
  "AdBlockRulesBlockingMode" : "NXDOMAIN",
  "AllUserRules" : [ ],
  "DnsFilters" : [ {
    "meta" : {
      "id" : 15,
      "displayOrder" : 0,
      "name" : "AdGuard DNS filter (Optimized)",
      "description" : "Filter composed of several other filters (AdGuard Base filter, Social Media filter, Tracking Protection filter, Mobile Ads filter, EasyList and EasyPrivacy) and simplified specifically to be better compatible with DNS-level ad blocking.",
      "version" : "2.0.84.91",
      "group" : "Custom",
      "subscriptionUrl" : "https://filters.adtidy.org/android/filters/15_optimized.txt",
      "homepage" : "https://adguard.com/kb/general/ad-filtering/adguard-filters/",
      "tags" : [ ],
      "lastTimeDownloaded" : 1751586133258,
      "enabled" : true,
      "rulesCount" : 109310
    },
    "relativePathToFilteringRules" : "/dns_filters/filter_15.txt"
  } ],
  "SelectedNetworkTypeForRequestsOnStatisticsScreen" : "Any",
  "SelectedStatisticsSortedByForCompanies" : "MostBlocked",
  "OutboundProxyDnsUpstreams" : [ ],
  "DnsEnableFallbackForNonFallbackDomains" : true,
  "DnsTryHttp3ForDoH" : false,
  "AllowListEnabled" : true,
  "DnsCacheSize" : 1000
}