{
  "VpnIncludeGateway" : true,
  "VpnWritePcap" : false,
  "CountOfOpeningPrivateBrowser" : 8,
  "SearchEngine" : "DuckDuckGo",
  "CreateShortcutDialogWasShown" : false,
  "CanShowCreateShortcutXiaomiDialog" : true,
  "VpnMtu" : 9000,
  "HiddenHomeCards" : [ ],
  "SelectedSortedByOnAllSubdomainsStatisticsScreen" : "MostBlocked",
  "PrivateBrowserOnboardingShouldBeShown" : false,
  "ShowDeveloperToolsOnHomeScreen" : false,
  "VpnIpv4Address" : "172.18.11.218",
  "EnabledSearchSuggestionsDialogWasShown" : false,
  "VpnIpv6Address" : "2001:db8:ad:0:ff::",
  "VpnForceIPv4DefaultRoute" : false,
  "WhatsNewDialogShownLastVersion" : "4.0",
  "VpnForceIPv4ComplexRoute" : false,
  "BrowserDefaultDialogWasShown" : true,
  "SearchSuggestionsEnabled" : false,
  "IntegrationDialogWasShown" : true,
  "ForeverDismissedHttpsFilteringSnackbar" : false,
  "ExitDialogShouldBeShown" : true
}